nro_parte,fecha_hora,direccion_distrito,tipo,estado,maquinas
2026004895,08/02/2026 05:58:37 a.m.,"CARRETERAS - PANAMERICANAS PANAMERICANA NORTE 39    (0,0)  Nro.    - SANTA ROSA",EMERGENCIA MEDICA / TRAUMATICAS / HERIDO POR CAIDA,ATENDIENDO,
2026004894,08/02/2026 05:10:15 a.m.,"AV. ALFREDO MENDIOLA (PANAMERICANA NORTE) CRUCE CON AV. UNIVERSITARIA NORTE LOS OLIVOS    (-11.9621,-77.0702)  Nro.    - LOS OLIVOS",ACCIDENTE VEHICULAR / PARTICULAR / AUTOMOVIL,ATENDIENDO,M124-1 / MED-161 / RESLIG-161
2026004893,08/02/2026 05:09:40 a.m.,"JR. ANCASH INT  47     (-12.0472,-77.0179)  Nro.  1103  - LIMA",EMERGENCIA MEDICA / TRAUMATICAS / HEMORRAGIA,ATENDIENDO,AMB-2
2026004892,08/02/2026 04:43:07 a.m.,"AV. MANUEL DEL VALLE (MIGUEL VALLE)/ EL OLIVAR     (-12.2368,-76.8662)  Nro.  000  - LURIN",INCENDIO / TERRENO BALDIO,ATENDIENDO,M160-1
2026004891,08/02/2026 04:38:39 a.m.,"BA. AGUA DULCE (TENDERIN)    (-12.1635,-77.0245)  Nro.  100  - CHORRILLOS",ACCIDENTE VEHICULAR / PARTICULAR / AUTOMOVIL,ATENDIENDO,AMB-13 / M13-1 / M6-1
2026004890,08/02/2026 04:28:06 a.m.,"AV. HUSARES DE JUNIN (LANCASTER) CRUCE CA BERLIN    (-12.0411,-76.9193)  Nro.  115  - ATE",INCENDIO / ESTRUCTURAS / VIVIENDA / MATERIAL NOBLE,ATENDIENDO,M169-1 / M138-4 / M96-1 / AMB-169
2026004889,08/02/2026 04:05:50 a.m.,"AH. MANUEL SCORZA     (-12.0252,-76.9796)  Nro.  000  - SAN JUAN DE LURIGANCHO",INCENDIO / TERRENO BALDIO,ATENDIENDO,M236-4 / M138-1 / CIST-21
2026004888,08/02/2026 03:58:38 a.m.,"JR. LORETO    (-12.0357,-77.0926)  Nro.  3800  - SAN MARTIN DE PORRES",INCENDIO / ESTRUCTURAS / VIVIENDA / MATERIAL NOBLE,ATENDIENDO,M60-5 / MED-161 / RESLIG-161 / M60-1
2026004887,08/02/2026 03:51:14 a.m.,"PS. LA CASTELLANA    (-12.1381,-77.0055)  Nro.  1080  - SANTIAGO DE SURCO",INCENDIO / EQUIPOS ELECTRICOS CON ENERGIA / SUB-ESTACION DE ALTA TENSION,ATENDIENDO,M28-1
2026004887,08/02/2026 03:51:14 a.m.,"PS. LA CASTELLANA    (-12.1381,-77.0055)  Nro.  1080  - SANTIAGO DE SURCO",INCENDIO / EQUIPOS ELECTRICOS CON ENERGIA / SUB-ESTACION DE ALTA TENSION,CERRADO,M28-1
2026004886,08/02/2026 03:43:50 a.m.,"VILLA MARIA DEL TRIUNFO Nº 106    (-12.1729,-76.9451)  Nro.    - VILLA MARIA DEL TRIUNFO",EMERGENCIA MEDICA / TIPO MEDICO / PACIENTE ENFERMO,ATENDIENDO,RESLIG-106
2026004885,08/02/2026 03:31:13 a.m.,"AV. CARLOS IZAGUIRRE CRUCE CON AV. ALFREDO MENDIOLA (PANAMERICANA NORTE) LOS OLIVOS    (-11.9904,-77.065)  Nro.    - LOS OLIVOS",EMERGENCIA MEDICA / TRAUMATICAS / HERIDO POR ATROPELLO,ATENDIENDO,AMB-168
2026004885,08/02/2026 03:31:13 a.m.,"AV. CARLOS IZAGUIRRE CRUCE CON AV. ALFREDO MENDIOLA (PANAMERICANA NORTE) LOS OLIVOS    (-11.9904,-77.065)  Nro.    - LOS OLIVOS",EMERGENCIA MEDICA / TRAUMATICAS / HERIDO POR ATROPELLO,CERRADO,AMB-168
2026004884,08/02/2026 03:06:45 a.m.,"AV. LAS GAVIOTAS    (-12.1707,-77.0003)  Nro.  876  - CHORRILLOS",INCENDIO / ESTRUCTURAS / VIVIENDA / MATERIAL NOBLE,ATENDIENDO,AMB-13 / RES-120 / M13-1 / M6-1
2026004883,08/02/2026 03:06:13 a.m.,"URB. SAN JOAQUIN          (0,0)  Nro.    - ICA",ACCIDENTE VEHICULAR / PARTICULAR / AUTOMOVIL,ATENDIENDO,AMB-171
2026004882,08/02/2026 03:03:42 a.m.,"JR. MOQUEGUA (MALAMBITO) CRUCE CON AV. TACNA LIMA    (-12.0473,-77.0383)  Nro.    - LIMA",EMERGENCIA MEDICA / EVENTOS CRITICOS TIEMPO-VIDA / INCONSCIENTE - DESMAYO,ATENDIENDO,AMB-3
2026004881,08/02/2026 02:26:52 a.m.,"AV. MONTERRICO SUR (2)    (-12.1378,-76.9844)  Nro.  120  - SANTIAGO DE SURCO",RESCATE / ASCENSOR / PERSONAS ENCERRADAS,ATENDIENDO,RES-120
2026004881,08/02/2026 02:26:52 a.m.,"AV. MONTERRICO SUR (2)    (-12.1378,-76.9844)  Nro.  120  - SANTIAGO DE SURCO",RESCATE / ASCENSOR / PERSONAS ENCERRADAS,CERRADO,RES-120
2026004880,08/02/2026 02:23:34 a.m.,"EMADI    (0,0)  Nro.    - AYACUCHO",ACCIDENTE VEHICULAR / PARTICULAR / DESPISTE DE MOTO,ATENDIENDO,MED-63
2026004879,08/02/2026 02:11:00 a.m.,"LOS OLIVOS     (0,0)  Nro.  234  - CHACLACAYO",EMERGENCIA MEDICA / TIPO MEDICO / PROBLEMAS CARDIACOS,ATENDIENDO,AMB-115-2
2026004878,08/02/2026 01:59:05 a.m.,"JR. RAUL VILLARAN    (-12.0766,-76.9989)  Nro.  187  - SAN LUIS",EMERGENCIA MEDICA / TRAUMATICAS / HERIDO POR CAIDA,ATENDIENDO,AMB8-2
2026004878,08/02/2026 01:59:05 a.m.,"JR. RAUL VILLARAN    (-12.0766,-76.9989)  Nro.  187  - SAN LUIS",EMERGENCIA MEDICA / TRAUMATICAS / HERIDO POR CAIDA,CERRADO,AMB8-2
2026004877,08/02/2026 01:33:14 a.m.,"AV. LA PAZ    (-12.0816,-77.1021)  Nro.  2127  - SAN MIGUEL",EMERGENCIA MEDICA / TIPO MEDICO / PACIENTE ENFERMO,CERRADO,MED36-2
2026004876,08/02/2026 01:31:05 a.m.,"CALLE. LIMA    (0,0)  Nro.    - SALAS",INCENDIO / ESTRUCTURAS / VIVIENDA / MATERIAL NOBLE,ATENDIENDO,CIST-VI / AMB-22 / M22-1
2026004875,08/02/2026 01:15:16 a.m.,"PAN SUR KM 87    (0,0)  Nro.    - MALA",INCENDIO / VEHICULO / AUTOMOVIL / VIA PUBLICA,CERRADO,M221-3 / M111-1 / RES-221
2026004874,08/02/2026 01:02:21 a.m.,"COLEGIO. SANTA LUCIA    (0,0)  Nro.    - LA TINGUINA",EMERGENCIA MEDICA / TRAUMATICAS / HERIDO POR CAIDA,ATENDIENDO,AMB-193
2026004873,08/02/2026 01:00:11 a.m.,"AV. CULTURA WARI    (-12.0403,-76.9713)  Nro.  800  - SANTA ANITA",EMERGENCIA MEDICA / TRAUMATICAS / HERIDO POR CAIDA,ATENDIENDO,AMB138-2 / AMB-169
2026004873,08/02/2026 01:00:11 a.m.,"AV. CULTURA DENTRO DEL MERCADO EMMSA    (-12.0403,-76.9713)  Nro.  800  - SANTA ANITA",EMERGENCIA MEDICA / TRAUMATICAS / HERIDO POR CAIDA,CERRADO,AMB138-2 / AMB-169
2026004872,08/02/2026 12:54:35 a.m.,"JR. GENERAL FELIPE VARELA    (-12.0606,-77.0472)  Nro.  1208  - BREÑA",EMERGENCIA MEDICA / TRAUMATICAS / HERIDO POR ARMA BLANCA,ATENDIENDO,AMB-14
2026004872,08/02/2026 12:54:35 a.m.,"JR. GENERAL FELIPE VARELA    (-12.0606,-77.0472)  Nro.  1208  - BREÑA",EMERGENCIA MEDICA / TRAUMATICAS / HERIDO POR ARMA BLANCA,CERRADO,AMB-14
2026004871,08/02/2026 12:42:30 a.m.,"COSTA VERDE     (0,0)  Nro.    - LA PERLA",ACCIDENTE VEHICULAR / PARTICULAR / DESPISTE DE MOTO,ATENDIENDO,AMB-34
2026004871,08/02/2026 12:42:30 a.m.,"COSTA VERDE     (0,0)  Nro.    - LA PERLA",ACCIDENTE VEHICULAR / PARTICULAR / DESPISTE DE MOTO,CERRADO,AMB-34
2026004870,08/02/2026 12:16:56 a.m.,"CL. ROBINSON (4)    (-12.1167,-77.003)  Nro.  160  - SURQUILLO",EMERGENCIA MEDICA / EVENTOS CRITICOS TIEMPO-VIDA / INCONSCIENTE - DESMAYO,ATENDIENDO,MED11-3
2026004870,08/02/2026 12:16:56 a.m.,"CL. ROBINSON (4)    (-12.1167,-77.003)  Nro.  160  - SURQUILLO",EMERGENCIA MEDICA / EVENTOS CRITICOS TIEMPO-VIDA / INCONSCIENTE - DESMAYO,CERRADO,MED11-3
2026004869,08/02/2026 12:15:15 a.m.,"C.P. LA APASCANA    (0,0)  Nro.    - EL INGENIO",ACCIDENTE VEHICULAR / TRANSPORTE PASAJEROS URBANO / OMNIBUS,ATENDIENDO,MED-200 / MED-82 / RESLIG-82
2026004868,08/02/2026 12:13:43 a.m.,"AV. REVOLUCION CRUCE CON AV. SIMON BOLIVAR VILLA EL SALVADOR    (-12.2159,-76.9352)  Nro.    - VILLA EL SALVADOR",EMERGENCIA MEDICA / TRAUMATICAS / HERIDO POR CAIDA,ATENDIENDO,MED-105
2026004868,08/02/2026 12:13:43 a.m.,"AV. REVOLUCION CRUCE CON AV. SIMON BOLIVAR VILLA EL SALVADOR    (-12.2159,-76.9352)  Nro.    - VILLA EL SALVADOR",EMERGENCIA MEDICA / TRAUMATICAS / HERIDO POR CAIDA,CERRADO,MED-105
2026004867,08/02/2026 12:11:51 a.m.,"LOMAS DE LUCUMO QUEBRADA VERDE     (0,0)  Nro.    - PACHACAMAC",INCENDIO / ESTRUCTURAS / VIVIENDA / MATERIAL NOBLE,ATENDIENDO,M160-1 / CIST-155
2026004866,07/02/2026 11:53:24 p.m.,"AV. UNIVERSITARIA (BELLA UNION) CRUCE CON AV. GERMAN AGUIRRE UGARTE SAN MARTIN DE PORRES    (-12.0193,-77.0764)  Nro.    - SAN MARTIN DE PORRES",ACCIDENTE VEHICULAR / PARTICULAR / DESPISTE DE MOTO,ATENDIENDO,AMB-168
2026004866,07/02/2026 11:53:24 p.m.,"AV. UNIVERSITARIA (BELLA UNION) CRUCE CON AV. GERMAN AGUIRRE UGARTE SAN MARTIN DE PORRES    (-12.0193,-77.0764)  Nro.    - SAN MARTIN DE PORRES",ACCIDENTE VEHICULAR / PARTICULAR / DESPISTE DE MOTO,CERRADO,AMB-168
2026004865,07/02/2026 11:48:49 p.m.,"SERENETA DE B 16    (0,0)  Nro.    - BARRANCO",SERVICIO ESPECIAL / CUBRIR SERVICIO / LUGAR ESPECIFICO,ATENDIENDO,RES-100
2026004865,07/02/2026 11:48:49 p.m.,"SERENATA DE B 16    (0,0)  Nro.    - BARRANCO",SERVICIO ESPECIAL / CUBRIR SERVICIO / LUGAR ESPECIFICO,CERRADO,RES-100
2026004864,07/02/2026 11:40:16 p.m.,"JR. TACNA (PASCUAL DE VIVERO) CRUCE CON JR. SALAVERRY (CLEMENT R. MARKHAN) MAGDALENA DEL MAR    (-12.095,-77.0728)  Nro.    - MAGDALENA DEL MAR",ACCIDENTE VEHICULAR / PARTICULAR / DESPISTE DE MOTO,ATENDIENDO,M100-1 / AMB-202 / RESLIG-36
2026004864,07/02/2026 11:40:16 p.m.,"JR. TACNA (PASCUAL DE VIVERO) CRUCE CON JR. SALAVERRY (CLEMENT R. MARKHAN) MAGDALENA DEL MAR    (-12.095,-77.0728)  Nro.    - MAGDALENA DEL MAR",ACCIDENTE VEHICULAR / PARTICULAR / DESPISTE DE MOTO,CERRADO,M100-1 / AMB-202 / RESLIG-36
2026004863,07/02/2026 11:35:21 p.m.,"JR. VIRU    (-12.0395,-77.0334)  Nro.  494  - RIMAC",EMERGENCIA MEDICA / TRAUMATICAS / HERIDO POR CAIDA,ATENDIENDO,AMB-3
2026004863,07/02/2026 11:35:21 p.m.,"JR. VIRU    (-12.0395,-77.0334)  Nro.  494  - RIMAC",EMERGENCIA MEDICA / TRAUMATICAS / HERIDO POR CAIDA,CERRADO,AMB-3
2026004862,07/02/2026 11:26:54 p.m.,"HOLOS PALME     (0,0)  Nro.    - CHILCA",EMERGENCIA MEDICA / TIPO MEDICO / DIFICULTAD RESPIRATORIA,ATENDIENDO,AMB-133
2026004862,07/02/2026 11:26:54 p.m.,"HOLOS PALME     (0,0)  Nro.    - CHILCA",EMERGENCIA MEDICA / TIPO MEDICO / DIFICULTAD RESPIRATORIA,CERRADO,AMB-133
2026004861,07/02/2026 11:26:19 p.m.,"JR. VENEZUELA    (-12.0568,-77.1414)  Nro.  500  - CALLAO",ACCIDENTE VEHICULAR / PARTICULAR / AUTOMOVIL,CERRADO,AMB-34 / RES-1 / M1-1
2026004860,07/02/2026 11:25:52 p.m.,"PANAMERICANA SUR KM  151    (0,0)  Nro.    - NUEVO IMPERIAL",ACCIDENTE VEHICULAR / PARTICULAR / AUTOMOVIL,ATENDIENDO,AMB-221 / RESLIG-49 / M183-1
2026004860,07/02/2026 11:25:52 p.m.,"PANAMERICANA SUR KM  151    (0,0)  Nro.    - SAN VICENTE DE CANETE",ACCIDENTE VEHICULAR / PARTICULAR / AUTOMOVIL,ATENDIENDO,AMB-221 / RESLIG-49 / M183-1
2026004860,07/02/2026 11:25:52 p.m.,"PANAMERICANA SUR KM  151    (0,0)  Nro.    - SAN VICENTE DE CANETE",ACCIDENTE VEHICULAR / PARTICULAR / AUTOMOVIL,CERRADO,AMB-221 / RESLIG-49 / M183-1
2026004859,07/02/2026 11:18:29 p.m.,"AV. DEL EJERCITO (AUGUSTO PEREZ ARANIBAR)    (-12.1136,-77.048)  Nro.  847  - MIRAFLORES",INCENDIO / EQUIPOS ELECTRICOS CON ENERGIA / TRANSFORMADORES DE ALTA TENSION,ATENDIENDO,M100-1
2026004859,07/02/2026 11:18:29 p.m.,"AV. DEL EJERCITO (AUGUSTO PEREZ ARANIBAR)    (-12.1136,-77.048)  Nro.  847  - MIRAFLORES",INCENDIO / EQUIPOS ELECTRICOS CON ENERGIA / TRANSFORMADORES DE ALTA TENSION,CERRADO,M100-1
2026004858,07/02/2026 11:16:22 p.m.,"AV. ABANCAY CRUCE CON AV. NICOLAS DE PIEROLA (LA COLMENA) LIMA    (-12.0551,-77.0304)  Nro.    - LIMA",EMERGENCIA MEDICA / TRAUMATICAS / HERIDO POR CAIDA,ATENDIENDO,AMB-3
2026004858,07/02/2026 11:16:22 p.m.,"AV. ABANCAY CRUCE CON AV. NICOLAS DE PIEROLA (LA COLMENA) LIMA    (-12.0551,-77.0304)  Nro.    - LIMA",EMERGENCIA MEDICA / TRAUMATICAS / HERIDO POR CAIDA,CERRADO,AMB-3
2026004857,07/02/2026 11:09:24 p.m.,"MZ B LOTE LOS ROSALES    (0,0)  Nro.    - PUENTE PIEDRA",INCENDIO / ESTRUCTURAS / VIVIENDA / MATERIAL NOBLE,ATENDIENDO,M150-1
2026004857,07/02/2026 11:09:24 p.m.,"MZ B LOTE LOS ROSALES    (0,0)  Nro.    - PUENTE PIEDRA",INCENDIO / ESTRUCTURAS / VIVIENDA / MATERIAL NOBLE,CERRADO,M150-1
2026004856,07/02/2026 11:08:21 p.m.,"JR. POMABAMBA    (-12.0515,-77.0472)  Nro.  500  - BREÑA",INCENDIO / EQUIPOS ELECTRICOS CON ENERGIA / TRANSFORMADORES DE ALTA TENSION,CERRADO,M3-1
2026004855,07/02/2026 10:53:39 p.m.,"CL. PIRAMIDE DEL SOL    (-12.0249,-77.002)  Nro.  480  - SAN JUAN DE LURIGANCHO",ACCIDENTE VEHICULAR / PARTICULAR / DESPISTE DE MOTO,ATENDIENDO,AMB138-2
2026004854,07/02/2026 10:49:47 p.m.,"AV. DE LAS ARTES NORTE    (-12.0906,-77.001)  Nro.  636  - SAN BORJA",EMERGENCIA MEDICA / TRAUMATICAS / HERIDO POR CAIDA,ATENDIENDO,MED11-3
2026004854,07/02/2026 10:49:47 p.m.,"AV. DE LAS ARTES NORTE    (-12.0906,-77.001)  Nro.  636  - SAN BORJA",EMERGENCIA MEDICA / TRAUMATICAS / HERIDO POR CAIDA,CERRADO,MED11-3
2026004853,07/02/2026 10:48:33 p.m.,"SECTOR  1  GRUPO 4  MZ  E LT  14    (0,0)  Nro.    - VILLA EL SALVADOR",EMERGENCIA MEDICA / TIPO MEDICO / PACIENTE ENFERMO,ATENDIENDO,MED-105
2026004853,07/02/2026 10:48:33 p.m.,"SECTOR  1  GRUPO 4  MZ  E LT  14    (0,0)  Nro.    - VILLA EL SALVADOR",EMERGENCIA MEDICA / TIPO MEDICO / PACIENTE ENFERMO,CERRADO,MED-105
2026004852,07/02/2026 10:41:40 p.m.,"JR. JORGE CHAVEZ    (-12.0653,-77.0527)  Nro.  1681  - BREÑA",INCENDIO / ESTRUCTURAS / VIVIENDA / MATERIAL NOBLE,ATENDIENDO,AMB-2 / M14-1 / M36-1
2026004852,07/02/2026 10:41:40 p.m.,"JR. JORGE CHAVEZ    (-12.0653,-77.0527)  Nro.  1681  - BREÑA",INCENDIO / ESTRUCTURAS / VIVIENDA / MATERIAL NOBLE,CERRADO,AMB-2 / M14-1 / M36-1
2026004851,07/02/2026 10:41:00 p.m.,"CALLE  CASTILLA  LOS  CEDROS  DE  VILLA      (0,0)  Nro.    - CHORRILLOS",INCENDIO / ESTRUCTURAS / VIVIENDA / MATERIAL NOBLE,CERRADO,M13-1
2026004850,07/02/2026 10:39:08 p.m.,"AV. MARISCAL RAMON CASTILLA CRUCE CON AV. MARTIR JOSE OLAYA CHORRILLOS    (-12.1698,-77.0285)  Nro.    - CHORRILLOS",INCENDIO / EQUIPOS ELECTRICOS CON ENERGIA / TRANSFORMADORES DE ALTA TENSION,CERRADO,M6-1
2026004849,07/02/2026 10:31:29 p.m.,"CALLE LOS  CONDORES      (0,0)  Nro.  430  - BELLAVISTA",RESCATE / ASCENSOR / PERSONAS ENCERRADAS,CERRADO,ESC-60
2026004848,07/02/2026 10:23:48 p.m.,"ASOC. NUEVA ESPERANZA    (0,0)  Nro.    - AYACUCHO",RESCATE / ANIMALES / RESCATE ANIMAL,ATENDIENDO,RESLIG-222
2026004848,07/02/2026 10:23:48 p.m.,"ASOC. NUEVA ESPERANZA    (0,0)  Nro.    - AYACUCHO",RESCATE / ANIMALES / RESCATE ANIMAL,CERRADO,RESLIG-222
2026004847,07/02/2026 10:21:33 p.m.,"PARADERO 1 MANCHAY    (0,0)  Nro.    - CIENEGUILLA",INCENDIO / ESTRUCTURAS / VIVIENDA / MATERIAL NOBLE,ATENDIENDO,CIST-244 / RES-244
2026004846,07/02/2026 10:20:52 p.m.,"AV. TUPAC AMARU (GERARDO UNGER) CRUCE CON AV. FRAY BARTOLOME DE LAS CASAS SAN MARTIN DE PORRES    (-12.0108,-77.0533)  Nro.    - SAN MARTIN DE PORRES",INCENDIO / OTROS / CHIMENEA,CERRADO,M65-1 / M168-1
2026004845,07/02/2026 10:20:41 p.m.,"JR. HUALLAGA    (-12.0471,-77.0299)  Nro.  265  - LIMA",EMERGENCIA MEDICA / EVENTOS CRITICOS TIEMPO-VIDA / INCONSCIENTE - DESMAYO,ATENDIENDO,AMB8-2 / AMB-3
2026004844,07/02/2026 10:19:29 p.m.,"AAHH PORTADA MANCHAY      (0,0)  Nro.    - LA MOLINA",INCENDIO / ESTRUCTURAS / VIVIENDA / MATERIAL NOBLE,ATENDIENDO,M96-1 / RES-96
2026004844,07/02/2026 10:19:29 p.m.,"AAHH PORTADA MANCHAY      (0,0)  Nro.    - LA MOLINA",INCENDIO / ESTRUCTURAS / VIVIENDA / MATERIAL NOBLE,CERRADO,M96-1 / RES-96
2026004843,07/02/2026 10:11:53 p.m.,"AV. GRAU CRUCE CON AV. ABANCAY LIMA    (-12.0589,-77.03)  Nro.    - LIMA",ACCIDENTE VEHICULAR / PARTICULAR / DESPISTE DE MOTO,ATENDIENDO,AMB-2 / AMB8-2
2026004842,07/02/2026 10:11:15 p.m.,"JR. ARICA (VICTOR SECADA) CRUCE CA. 28 DE  JULIO     (-11.9357,-76.6939)  Nro.  100  - LURIGANCHO",EMERGENCIA MEDICA / TRAUMATICAS / HERIDO POR CAIDA,ATENDIENDO,AMB-32-2
2026004842,07/02/2026 10:11:15 p.m.,"JR. ARICA (VICTOR SECADA) CRUCE CA. 28 DE  JULIO     (-11.9357,-76.6939)  Nro.  100  - LURIGANCHO",EMERGENCIA MEDICA / TRAUMATICAS / HERIDO POR CAIDA,CERRADO,AMB-32-2
2026004841,07/02/2026 10:08:13 p.m.,"PLAYA ACAPULCO     (0,0)  Nro.    - MARCONA",SERVICIO ESPECIAL / EVENTOS PUBLICOS / CONCIERTOS,ATENDIENDO,AUX-152
2026004840,07/02/2026 10:03:18 p.m.,"CL. MARTIN DE PAZ    (-12.1129,-76.9772)  Nro.  132  - SANTIAGO DE SURCO",RESCATE / ASCENSOR / PERSONAS ENCERRADAS,ATENDIENDO,RES-134
2026004839,07/02/2026 09:55:06 p.m.,"AV. INCA GARCILAZO DE LA VEGA (WILSON) CRUCE AV. BOLIVIA      (-12.0551,-77.0384)  Nro.  1200  - LIMA",EMERGENCIA MEDICA / TRAUMATICAS / HERIDO POR ATROPELLO,ATENDIENDO,AMB-2
2026004839,07/02/2026 09:55:06 p.m.,"AV. INCA GARCILAZO DE LA VEGA (WILSON) CRUCE AV. BOLIVIA      (-12.0551,-77.0384)  Nro.  1200  - LIMA",EMERGENCIA MEDICA / TRAUMATICAS / HERIDO POR ATROPELLO,CERRADO,AMB-2
2026004838,07/02/2026 09:46:03 p.m.,"AV. ABEL BERGASSE DU PETIT THOUARS    (-12.1131,-77.0288)  Nro.  5000  - MIRAFLORES",EMERGENCIA MEDICA / TIPO MEDICO / DIFICULTAD RESPIRATORIA,CERRADO,MED-28
2026004837,07/02/2026 09:41:31 p.m.,"JR. OBREROS    (-12.0647,-77.0247)  Nro.  521  - LA VICTORIA",EMERGENCIA MEDICA / EVENTOS CRITICOS TIEMPO-VIDA / INCONSCIENTE - DESMAYO,CERRADO,AMB8-2
2026004836,07/02/2026 09:39:35 p.m.,"MIGUEL GRAU Nº 16    (-12.1468,-77.0202)  Nro.    - BARRANCO",EMERGENCIA MEDICA / TIPO MEDICO / PACIENTE ENFERMO,ATENDIENDO,AMB-13
2026004836,07/02/2026 09:39:35 p.m.,"MIGUEL GRAU NÂº 16    (-12.1468,-77.0202)  Nro.    - BARRANCO",EMERGENCIA MEDICA / TIPO MEDICO / PACIENTE ENFERMO,ATENDIENDO,AMB-13
2026004835,07/02/2026 09:38:46 p.m.,"AV. LA MARINA    (-12.0808,-77.0738)  Nro.  1126  - SAN MIGUEL",EMERGENCIA MEDICA / EVENTOS CRITICOS TIEMPO-VIDA / INCONSCIENTE - DESMAYO,CERRADO,AMB-14
2026004834,07/02/2026 09:08:57 p.m.,"AV. SALAVERRY    (-12.0716,-77.0408)  Nro.  575  - JESUS MARIA",EMERGENCIA MEDICA / TRAUMATICAS / HERIDO POR CAIDA,CERRADO,AMB-202
2026004833,07/02/2026 08:53:15 p.m.,"AV. LA MARINA CRUCE CON AV. JOSE DE LA RIVA AGUERO SAN MIGUEL    (-12.0778,-77.0845)  Nro.    - SAN MIGUEL",ACCIDENTE VEHICULAR / PARTICULAR / DESPISTE DE MOTO,CERRADO,
2026004833,07/02/2026 08:53:15 p.m.,"AV. LA MARINA CRUCE CON AV. JOSE DE LA RIVA AGUERO SAN MIGUEL    (-12.0778,-77.0845)  Nro.    - SAN MIGUEL",ACCIDENTE VEHICULAR / PARTICULAR / DESPISTE DE MOTO,CERRADO,
2026004832,07/02/2026 08:47:24 p.m.,"SAN BARTOLOME     (0,0)  Nro.    - HUACHO",INCENDIO / ESTRUCTURAS / VIVIENDA / MATERIAL NOBLE,ATENDIENDO,M20-1 / CIST-20 / MED-20 / AUX-20
2026004832,07/02/2026 08:47:24 p.m.,"SAN BARTOLOME     (0,0)  Nro.    - HUACHO",INCENDIO / ESTRUCTURAS / VIVIENDA / MATERIAL NOBLE,CERRADO,M20-1 / CIST-20 / MED-20 / AUX-20
2026004831,07/02/2026 08:45:41 p.m.,"AV. SAN BORJA NORTE (ENRIQUE GARCIA SAYAN)    (-12.0894,-76.9905)  Nro.  1400  - SAN BORJA",ACCIDENTE VEHICULAR / PARTICULAR / DESPISTE DE MOTO,CERRADO,AMB8-2
2026004830,07/02/2026 08:36:55 p.m.,"PANAMERICANA SUR KM 35    (0,0)  Nro.    - LURIN",ACCIDENTE VEHICULAR / PARTICULAR / DESPISTE DE MOTO,CERRADO,
2026004830,07/02/2026 08:36:55 p.m.,"PANAMERICANA SUR KM 35    (0,0)  Nro.    - LURIN",ACCIDENTE VEHICULAR / PARTICULAR / DESPISTE DE MOTO,CERRADO,
2026004829,07/02/2026 08:29:12 p.m.,"PANAMERICANA  SUR  KM  35     (0,0)  Nro.    - LURIN",ACCIDENTE VEHICULAR / PARTICULAR / DESPISTE DE MOTO,CERRADO,AMB120-2
2026004828,07/02/2026 08:28:58 p.m.,"AV. 28 DEJULIO CRUCE CON AV. PETIT THOUARS LIMA    (-12.0642,-77.0363)  Nro.    - LIMA",ACCIDENTE VEHICULAR / PARTICULAR / DESPISTE DE MOTO,CERRADO,AMB-14
2026004827,07/02/2026 08:25:56 p.m.,"EVITAMIENTO ENTRADA JAVIER PRADO ALT PARADERO 8 SUR A  NORTE    (-12.085,-76.982)  Nro.  000  - SAN BORJA",ACCIDENTE VEHICULAR / PARTICULAR / DESPISTE DE MOTO,CERRADO,MED11-3 / MED11-2
2026004826,07/02/2026 08:18:32 p.m.,"ESTADIO JOSE PICASO PERATTA    (0,0)  Nro.    - ICA",EMERGENCIA MEDICA / EVENTOS CRITICOS TIEMPO-VIDA / INCONSCIENTE - DESMAYO,ATENDIENDO,AMB-22
2026004825,07/02/2026 08:08:39 p.m.,"AV. MEJICO    (-12.0647,-77.0035)  Nro.  2571  - LA VICTORIA",INCENDIO / ESTRUCTURAS / VIVIENDA / MATERIAL NOBLE,CERRADO,
2026004825,07/02/2026 08:08:39 p.m.,"AV. MEJICO    (-12.0647,-77.0035)  Nro.  2571  - LA VICTORIA",INCENDIO / ESTRUCTURAS / VIVIENDA / MATERIAL NOBLE,CERRADO,
2026004824,07/02/2026 08:03:23 p.m.,"AV. CARLOS IZAGUIRRE (2) CRUCE CON AV. 12 DE OCTUBRE (LOS PROCERES) SAN MARTIN DE PORRES    (-11.9909,-77.093)  Nro.    - SAN MARTIN DE PORRES",EMERGENCIA MEDICA / TRAUMATICAS / HERIDO POR ATROPELLO,CERRADO,AMB-168
2026004823,07/02/2026 07:55:13 p.m.,"ANTIGUA PANAMERICANA SUR KM  36     (0,0)  Nro.    - LURIN",ACCIDENTE VEHICULAR / PARTICULAR / AUTOMOVIL,ATENDIENDO,AMB120-2 / MED-105 / AMB-13 / AMB-133 / RES-160 / M129-1
2026004823,07/02/2026 07:55:13 p.m.,"ANTIGUA PANAMERICANA SUR KM  36     (0,0)  Nro.    - LURIN",ACCIDENTE VEHICULAR / PARTICULAR / AUTOMOVIL,CERRADO,AMB120-2 / MED-105 / AMB-13 / AMB-133 / RES-160 / M129-1
2026004822,07/02/2026 07:48:34 p.m.,"AV. AREQUIPA    (-12.1144,-77.0298)  Nro.  4800  - MIRAFLORES",EMERGENCIA MEDICA / EVENTOS CRITICOS TIEMPO-VIDA / INCONSCIENTE - DESMAYO,CERRADO,MED-28
2026004821,07/02/2026 07:40:37 p.m.,"CL. LOS NOGALES    (-12.0931,-77.0452)  Nro.  239  - SAN ISIDRO",RESCATE / ASCENSOR / PERSONAS ENCERRADAS,CERRADO,RESLIG-202
2026004820,07/02/2026 07:24:39 p.m.,"AV. GRAU    (0,0)  Nro.    - HUACHO",EMERGENCIA MEDICA / TIPO MEDICO / CONVULSIONES,CERRADO,MED-20
2026004819,07/02/2026 07:18:17 p.m.,"AV. LA CULTURA S/N    (0,0)  Nro.    - NAZCA",RESCATE / ANIMALES / RESCATE ANIMAL,ATENDIENDO,CIST82-3
2026004818,07/02/2026 07:16:34 p.m.,"AV. ANGAMOS ESTE (PRIMAVERA)    (-12.1115,-76.9942)  Nro.  2700  - SURQUILLO",INCENDIO / EQUIPOS ELECTRICOS CON ENERGIA / SUB-ESTACION DE ALTA TENSION,CERRADO,M127-1
2026004817,07/02/2026 06:55:03 p.m.,"AV. MANTARO S/N - SAN JERONIMO    (0,0)  Nro.    - PARCONA",INCENDIO / ESTRUCTURAS / VIVIENDA / MATERIAL NOBLE,ATENDIENDO,CIST-VI
2026004816,07/02/2026 06:51:10 p.m.,"JR. SAN LORENZO    (-12.1174,-77.0164)  Nro.  239  - SURQUILLO",RESCATE / ASCENSOR / PERSONAS ENCERRADAS,CERRADO,RES-134
2026004815,07/02/2026 06:50:46 p.m.,"JR. IQUIQUE    (-12.0589,-77.0433)  Nro.  828  - BREÑA",EMERGENCIA MEDICA / TRAUMATICAS / HERIDO POR CAIDA,CERRADO,AMB-14
2026004814,07/02/2026 06:47:34 p.m.,"CL. FRAY LUIS DE LEON    (-12.0989,-76.9996)  Nro.  780  - SAN BORJA",INCENDIO / ESTRUCTURAS / VIVIENDA / MATERIAL NOBLE,CERRADO,M11-1 / M127-1 / MED11-2
2026004813,07/02/2026 06:44:37 p.m.,"JR. INDEPENDENCIA (PEDRO SOLARI)    (-12.1558,-77.0219)  Nro.  276  - BARRANCO",EMERGENCIA MEDICA / TIPO MEDICO / PACIENTE ENFERMO,ATENDIENDO,AMB-13
2026004813,07/02/2026 06:44:37 p.m.,"JR. INDEPENDENCIA (PEDRO SOLARI)    (-12.1558,-77.0219)  Nro.  276  - BARRANCO",EMERGENCIA MEDICA / TIPO MEDICO / PACIENTE ENFERMO,CERRADO,AMB-13
2026004812,07/02/2026 06:34:29 p.m.,"AV. MANCO CAPAC    (-12.0388,-77.0832)  Nro.  1595  - CARMEN DE LA LEGUA REYNOS",MATERIALES PELIGROSOS (INCIDENTE) / FUGA GAS GLP Y OTROS GASES INFLAM / BALON DOMICILIARIO (10KG),ATENDIENDO,M60-5 / AMB-9
2026004812,07/02/2026 06:34:29 p.m.,"AV. MANCO CAPAC    (-12.0388,-77.0832)  Nro.  1595  - CARMEN DE LA LEGUA REYNOS",MATERIALES PELIGROSOS (INCIDENTE) / FUGA GAS GLP Y OTROS GASES INFLAM / BALON DOMICILIARIO (10KG),CERRADO,M60-5 / AMB-9
2026004811,07/02/2026 06:33:46 p.m.,"MA. ARMENDARIZ    (-12.1357,-77.026)  Nro.  200  - MIRAFLORES",ACCIDENTE VEHICULAR / PARTICULAR / DESPISTE DE MOTO,CERRADO,MED-28
2026004810,07/02/2026 06:24:02 p.m.,"CL. JOHN NEPER    (-12.1028,-77.0076)  Nro.  137  - SAN BORJA",EMERGENCIA MEDICA / TRAUMATICAS / HERIDO POR CAIDA,CERRADO,MED11-3
2026004809,07/02/2026 06:05:40 p.m.,"AV. PRIMAVERA (ANGAMOS ESTE)    (-12.1137,-77.0283)  Nro.  200  - MIRAFLORES",ACCIDENTE VEHICULAR / PARTICULAR / DESPISTE DE MOTO,ATENDIENDO,MED-28
2026004809,07/02/2026 06:05:40 p.m.,"AV. PRIMAVERA (ANGAMOS ESTE)    (-12.1137,-77.0283)  Nro.  200  - MIRAFLORES",ACCIDENTE VEHICULAR / PARTICULAR / DESPISTE DE MOTO,CERRADO,MED-28
2026004808,07/02/2026 06:00:48 p.m.,"AV. ALFREDO MENDIOLA (PANAMERICANA NORTE)    (-11.9805,-77.066)  Nro.  4761  - LOS OLIVOS",EMERGENCIA MEDICA / TRAUMATICAS / HERIDO POR ATROPELLO,CERRADO,AMB-9
2026004807,07/02/2026 05:50:38 p.m.,"AV. VICTOR RAUL HAYA DE LA TORRE (9 DE OCTUBRE) CRUCE CON AV. LA PAZ LA PERLA    (-12.0763,-77.1132)  Nro.    - LA PERLA",EMERGENCIA MEDICA / TRAUMATICAS / HERIDO POR ATROPELLO,CERRADO,
2026004807,07/02/2026 05:50:38 p.m.,"AV. VICTOR RAUL HAYA DE LA TORRE (9 DE OCTUBRE) CRUCE CON AV. LA PAZ LA PERLA    (-12.0763,-77.1132)  Nro.    - LA PERLA",EMERGENCIA MEDICA / TRAUMATICAS / HERIDO POR ATROPELLO,CERRADO,
2026004806,07/02/2026 05:47:56 p.m.,"AV RAMIRO PRIALLE KM 15 CARAPONGO     (0,0)  Nro.    - LURIGANCHO",ACCIDENTE VEHICULAR / PARTICULAR / DESPISTE DE MOTO,ATENDIENDO,M236-4 / AMB236-2 / RESLIG-236
2026004806,07/02/2026 05:47:56 p.m.,"AV RAMIRO PRIALLE KM 15 CARAPONGO     (0,0)  Nro.    - LURIGANCHO",ACCIDENTE VEHICULAR / PARTICULAR / DESPISTE DE MOTO,CERRADO,M236-4 / AMB236-2 / RESLIG-236
2026004805,07/02/2026 05:42:17 p.m.,"MALL DEL SUR     (0,0)  Nro.    - SAN JUAN DE MIRAFLORES",EMERGENCIA MEDICA / TIPO MEDICO / PROBLEMAS CARDIACOS,CERRADO,AMB120-2
2026004804,07/02/2026 05:40:37 p.m.,"AV. BRASIL    (-12.0678,-77.0476)  Nro.  879  - JESUS MARIA",EMERGENCIA MEDICA / TRAUMATICAS / HERIDO POR CAIDA,CERRADO,AMB-14
2026004803,07/02/2026 05:33:50 p.m.,"ATHAHUALPA    (0,0)  Nro.    - HUACHO",EMERGENCIA MEDICA / TRAUMATICAS / HERIDO POR CAIDA,CERRADO,MED-20
2026004802,07/02/2026 05:05:52 p.m.,"AV. DE LA ALAMEDA    (-12.0406,-77.1255)  Nro.  265  - CALLAO",INCENDIO / EQUIPOS ELECTRICOS CON ENERGIA / TRANSFORMADORES DE ALTA TENSION,CERRADO,M5-1
2026004801,07/02/2026 04:46:02 p.m.,"CL. ANDROMEDA    (-12.1718,-77.0081)  Nro.  180  - CHORRILLOS",INCENDIO / VEHICULO / AUTOMOVIL / VIA PUBLICA,CERRADO,M13-1 / M6-1
2026004800,07/02/2026 04:23:33 p.m.,"AV. SAN LUIS CRUCE CON AV. MAYOR JULIO BAYLETTI SAN BORJA    (-12.085,-76.9968)  Nro.    - SAN BORJA",ACCIDENTE VEHICULAR / PARTICULAR / DESPISTE DE MOTO,CERRADO,MED11-3
2026004799,07/02/2026 04:23:00 p.m.,"AV. ELMER FAUCETT    (-12.0195,-77.1066)  Nro.  3463  - CALLAO",INCENDIO / EQUIPOS ELECTRICOS CON ENERGIA / TRANSFORMADORES DE ALTA TENSION,CERRADO,M9-5
2026004798,07/02/2026 04:18:18 p.m.,"AV. ALFREDO BENAVIDES    (-12.1282,-77.0055)  Nro.  2814  - MIRAFLORES",EMERGENCIA MEDICA / EVENTOS CRITICOS TIEMPO-VIDA / ATRAGANTAMIENTO,CERRADO,MED-28
2026004797,07/02/2026 04:00:51 p.m.,"AV. MEJICO    (-12.0729,-77.0142)  Nro.  1424  - LA VICTORIA",INCENDIO / EQUIPOS ELECTRICOS CON ENERGIA / TRANSFORMADORES DE ALTA TENSION,CERRADO,M8-1
2026004796,07/02/2026 03:53:08 p.m.,"AV. LOS MAESTROS S/N    (0,0)  Nro.    - ICA",EMERGENCIA MEDICA / EVENTOS CRITICOS TIEMPO-VIDA / INCONSCIENTE - DESMAYO,ATENDIENDO,AMB-171
2026004795,07/02/2026 03:50:53 p.m.,"CL. BLERIOT    (-12.1198,-77.0065)  Nro.  149  - SURQUILLO",EMERGENCIA MEDICA / TRAUMATICAS / HEMORRAGIA,CERRADO,MED11-3
2026004794,07/02/2026 03:39:53 p.m.,"AV. PLACIDO JIMENEZ    (-12.0348,-77.008)  Nro.  1171  - EL AGUSTINO",EMERGENCIA MEDICA / EVENTOS CRITICOS TIEMPO-VIDA / INCONSCIENTE - DESMAYO,CERRADO,AMB-2
2026004793,07/02/2026 03:39:10 p.m.,"JR. NEVADO SOLIMANA    (-11.9814,-77.0154)  Nro.  276  - SAN JUAN DE LURIGANCHO",INCENDIO / TERRENO BALDIO,CERRADO,M121-1
2026004792,07/02/2026 03:29:50 p.m.,"ARENA 7 COSTA VERDE     (0,0)  Nro.    - SAN MIGUEL",EMERGENCIA MEDICA / TRAUMATICAS / HERIDO POR CAIDA,CERRADO,AMB-202
2026004791,07/02/2026 02:44:28 p.m.,"AV. LOS PROCERES MZ 16 B LOTE 1 / CDRA 3 DE GUARDIA CIVIL SUR     (-12.1851,-77.0033)  Nro.  000  - CHORRILLOS",EMERGENCIA MEDICA / EVENTOS CRITICOS TIEMPO-VIDA / INCONSCIENTE - DESMAYO,CERRADO,
2026004791,07/02/2026 02:44:28 p.m.,"AV. LOS PROCERES MZ 16 B LOTE 1 / CDRA 3 DE GUARDIA CIVIL SUR     (-12.1851,-77.0033)  Nro.  000  - CHORRILLOS",EMERGENCIA MEDICA / EVENTOS CRITICOS TIEMPO-VIDA / INCONSCIENTE - DESMAYO,CERRADO,
2026004790,07/02/2026 02:35:12 p.m.,"JR. AGUSTIN GAMARRA    (-12.0659,-77.0133)  Nro.  743  - LA VICTORIA",EMERGENCIA MEDICA / TRAUMATICAS / HERIDO POR CAIDA,ATENDIENDO,
2026004790,07/02/2026 02:35:12 p.m.,"JR. AGUSTIN GAMARRA    (-12.0659,-77.0133)  Nro.  743  - LA VICTORIA",EMERGENCIA MEDICA / TRAUMATICAS / HERIDO POR CAIDA,CERRADO,
2026004790,07/02/2026 02:35:12 p.m.,"JR. AGUSTIN GAMARRA    (-12.0659,-77.0133)  Nro.  743  - LA VICTORIA",EMERGENCIA MEDICA / TRAUMATICAS / HERIDO POR CAIDA,CERRADO,
2026004789,07/02/2026 02:35:05 p.m.,"LOMAS DE CARABAYLLO // AV PRIMAVERA     (0,0)  Nro.    - PUENTE PIEDRA",EMERGENCIA MEDICA / TRAUMATICAS / HERIDO POR CAIDA,CERRADO,AMB-150
2026004788,07/02/2026 02:35:02 p.m.,"JR. ZORRITOS    (-12.0488,-77.0587)  Nro.  1348  - LIMA",ACCIDENTE VEHICULAR / PARTICULAR / DESPISTE DE MOTO,CERRADO,AMB-2
2026004787,07/02/2026 02:25:31 p.m.,"AV. AVIACION   DPTO 2DO PISO LETRA A    (-12.0917,-77.0031)  Nro.  2505  - SAN BORJA",EMERGENCIA MEDICA / EVENTOS CRITICOS TIEMPO-VIDA / INCONSCIENTE - DESMAYO,CERRADO,MED11-3
2026004786,07/02/2026 02:16:02 p.m.,"AV. BOLOGNESI    (-12.1226,-77.0358)  Nro.  483  - MIRAFLORES",RESCATE / PERSONAS ATRAPADAS / DENTRO DE UNA ESTRUCTURA,CERRADO,AUX-28 / M13-1
2026004785,07/02/2026 02:05:10 p.m.,"PJ. CORONEL PASCUAL SACO Y OLIVEROS    (-12.0868,-77.0171)  Nro.  965  - LA VICTORIA",MATERIALES PELIGROSOS (INCIDENTE) / FUGA GAS GLP Y OTROS GASES INFLAM / BALON DOMICILIARIO (10KG),CERRADO,M4-1
2026004784,07/02/2026 02:00:32 p.m.,"CONDOMINIO MAJO     (0,0)  Nro.    - COMAS",RESCATE / ASCENSOR / PERSONAS ENCERRADAS,CERRADO,M124-1
2026004783,07/02/2026 01:57:18 p.m.,"PR. SAENZ PEÃ‘A    (-12.2247,-76.9004)  Nro.  000  - VILLA MARIA DEL TRIUNFO",INCENDIO / ESTRUCTURAS / VIVIENDA / MATERIAL NOBLE,CERRADO,M106-1 / M155-1 / M129-1
2026004782,07/02/2026 01:24:58 p.m.,"ESTADIO SAN MARCOS     (0,0)  Nro.    - LIMA",SERVICIO ESPECIAL / EVENTOS PUBLICOS / CONCIERTOS,ATENDIENDO,M21-1 / MED36-2 / RESLIG-2 / ELEC-127 / AUX-202 / M11-5
2026004781,07/02/2026 01:23:45 p.m.,"AV LAS VIÃ‘AS MZ D LOTE 7     (0,0)  Nro.    - PUENTE PIEDRA",INCENDIO / OTROS / CHIMENEA,CERRADO,M150-1
2026004780,07/02/2026 01:20:51 p.m.,"AH. UNION Y AMISTAD 15 DE ABRIL SECTOR 28 DE DICIEMBRE MZ.E LT 1    (-11.9406,-76.9667)  Nro.    - SAN JUAN DE LURIGANCHO",INCENDIO / EQUIPOS ELECTRICOS CON ENERGIA / TRANSFORMADORES DE ALTA TENSION,CERRADO,M121-1
2026004779,07/02/2026 01:04:41 p.m.,"AV CAMINO REAL - SAN ANDRÉS     (0,0)  Nro.    - PISCO","INCENDIO / FORESTAL / TERRENO DE CULTIVO,CHACRA, OTROS",ATENDIENDO,RES-37
2026004778,07/02/2026 12:26:31 p.m.,"AV. SANTA ROSA DE LIMA SUR    (-11.9925,-77.0007)  Nro.  2300  - SAN JUAN DE LURIGANCHO",INCENDIO / OTROS / CHIMENEA,CERRADO,M121-1
2026004777,07/02/2026 12:26:23 p.m.,"PR. CESAR CANEVARO CRUCE CON CL. LOS CIPRESES (LOS CORTESANOS) SAN JUAN DE MIRAFLORES    (-12.1716,-76.9679)  Nro.    - SAN JUAN DE MIRAFLORES",MATERIALES PELIGROSOS (INCIDENTE) / FUGA GAS GLP Y OTROS GASES INFLAM / BALON DOMICILIARIO (10KG),CERRADO,M120-1
2026004776,07/02/2026 12:25:27 p.m.,"UR. EL TREBOL ETAPA III MZ.E LT 6    (-12.0066,-77.0697)  Nro.    - LOS OLIVOS",EMERGENCIA MEDICA / TRAUMATICAS / HERIDO POR CAIDA,CERRADO,MED-161
2026004775,07/02/2026 11:54:18 a.m.,"AV GRAU     (-12.0483,-77.008)  Nro.  2300  - EL AGUSTINO",EMERGENCIA MEDICA / TRAUMATICAS / HERIDO POR CAIDA,CERRADO,AMB8-2
2026004774,07/02/2026 11:48:32 a.m.,"CL. PASCAL (7)    (-12.1145,-77.002)  Nro.  300  - SURQUILLO",EMERGENCIA MEDICA / TRAUMATICAS / HERIDO POR CAIDA,CERRADO,MED11-2
2026004773,07/02/2026 11:29:15 a.m.,"JR. SAN MARCELO     (0,0)  Nro.    - CHILCA",INCENDIO / ESTRUCTURAS / VIVIENDA / MATERIAL NOBLE,CERRADO,M221-3 / M133-1
2026004772,07/02/2026 11:24:22 a.m.,"AV. GENERAL FRANCISCO BOLOGNESI (PANAMA)    (-12.1479,-77.02)  Nro.  300  - BARRANCO",EMERGENCIA MEDICA / EVENTOS CRITICOS TIEMPO-VIDA / INCONSCIENTE - DESMAYO,CERRADO,AMB-13
2026004771,07/02/2026 11:21:25 a.m.,"KM 96 PANAMERICA NORTE     (0,0)  Nro.    - CHANCAY",ACCIDENTE VEHICULAR / PARTICULAR / AUTOMOVIL,CERRADO,M80-1
2026004770,07/02/2026 11:14:01 a.m.,"AV FERMIN  TANGUIS CUADRA 6    (0,0)  Nro.    - PISCO",INCENDIO / VEHICULO / AUTOMOVIL / COCHERA - GARAJE - TALLER,ATENDIENDO,RES-37
2026004769,07/02/2026 11:12:31 a.m.,"AV. OSCAR BENAVIDES (COLONIAL)    (-12.0496,-77.072)  Nro.  2300  - LIMA",ACCIDENTE VEHICULAR / PARTICULAR / AUTOMOVIL,ATENDIENDO,M9-5 / AMB-2
2026004768,07/02/2026 11:06:48 a.m.,"AV. JORGE BASADRE (ORRANTIA)  CRUCE JAVIER PRADO    (-12.0938,-77.0347)  Nro.  200  - SAN ISIDRO",ACCIDENTE VEHICULAR / PARTICULAR / DESPISTE DE MOTO,CERRADO,AMB8-2
2026004767,07/02/2026 11:06:07 a.m.,"AV. AREQUIPA CRUCE CON CL. MARIA PARADO DE BELLIDO (JUAN DE GRAJALES) MIRAFLORES    (-12.1106,-77.0305)  Nro.    - MIRAFLORES",EMERGENCIA MEDICA / TRAUMATICAS / HERIDO POR CAIDA,ATENDIENDO,MED-28
2026004766,07/02/2026 10:45:06 a.m.,"AV. ALFREDO BENAVIDES CRUCE CON AV. JULIO RAMON RIBEYRO MIRAFLORES    (-12.1256,-77.022)  Nro.    - MIRAFLORES",EMERGENCIA MEDICA / TRAUMATICAS / HERIDO POR ATROPELLO,ATENDIENDO,MED-28
2026004765,07/02/2026 10:44:00 a.m.,"AV. DE LA ALAMEDA COLEGIO  RAMON CASTILLA      (-12.0417,-77.1223)  Nro.  400  - CALLAO",RESCATE / PERSONAS ATRAPADAS / DENTRO DE UNA ESTRUCTURA,CERRADO,RES-1 / ESC-60 / AUX-28 / PLT-28
2026004764,07/02/2026 10:26:38 a.m.,"AV. HORACIO URTEAGA    (-12.0665,-77.043)  Nro.  502  - JESUS MARIA",INCENDIO / ESTRUCTURAS / EDIFICIO (PISO) / ENTRE 9 AL 11,ATENDIENDO,M3-1 / AMB-202 / ESC-3 / ESC-36 / M10-1 / M36-1
2026004764,07/02/2026 10:26:38 a.m.,"AV. HORACIO URTEAGA    (-12.0665,-77.043)  Nro.  502  - JESUS MARIA",INCENDIO / ESTRUCTURAS / EDIFICIO (PISO) / ENTRE 9 AL 11,CERRADO,M3-1 / AMB-202 / ESC-3 / ESC-36 / M10-1 / M36-1
2026004763,07/02/2026 09:49:28 a.m.,"SERPENTIN DE CIENEGUILLA     (0,0)  Nro.    - CIENEGUILLA",ACCIDENTE VEHICULAR / PARTICULAR / AUTOMOVIL,CERRADO,RES-244
2026004762,07/02/2026 09:45:51 a.m.,"AS. LOS SUYOS MZ.K LT 3    (-11.8641,-77.0352)  Nro.    - CARABAYLLO",EMERGENCIA MEDICA / TRAUMATICAS / HERIDO POR CAIDA,CERRADO,AMB-150
2026004761,07/02/2026 09:33:40 a.m.,"CL. PARAISO    (-11.9706,-76.7638)  Nro.  000  - LURIGANCHO",INCENDIO / FORESTAL / BOSQUES,CERRADO,M115-2 / M32-1
2026004760,07/02/2026 09:28:30 a.m.,"MA. LUIS CISNEROS    (-12.1264,-77.0362)  Nro.  100  - MIRAFLORES",EMERGENCIA MEDICA / TRAUMATICAS / HERIDO POR CAIDA,CERRADO,MED-28
2026004759,07/02/2026 09:28:15 a.m.,"CL. TAFUR (N)    (-12.1199,-76.9958)  Nro.  162  - SANTIAGO DE SURCO",RESCATE / PERSONAS ATRAPADAS / DENTRO DE UNA ESTRUCTURA,ATENDIENDO,MED11-2 / M11-5
2026004758,07/02/2026 09:22:02 a.m.,"URB AMAUTA MZ B LOTE 7 SECTOR 7 INMACULADA CONCEPCION     (-12.0314,-76.9049)  Nro.  000  - ATE",INCENDIO / ESTRUCTURAS / VIVIENDA / MATERIAL NOBLE,CERRADO,M11-1 / AMB236-2 / RESLIG-236
2026004757,07/02/2026 09:14:47 a.m.,"CL. LOS JILGUEROS    (-12.0503,-76.9657)  Nro.  179  - SANTA ANITA",EMERGENCIA MEDICA / TRAUMATICAS / HERIDO POR CAIDA,CERRADO,AMB138-2
2026004756,07/02/2026 09:06:23 a.m.,"JR. FRANCISCO DE ZELA    (-12.0745,-77.0407)  Nro.  926  - JESUS MARIA",EMERGENCIA MEDICA / TIPO MEDICO / PACIENTE ENFERMO,CERRADO,AMB-202
2026004755,07/02/2026 08:59:08 a.m.,"CL. INCA ROCA    (-11.983,-77.0568)  Nro.  142  - INDEPENDENCIA",MATERIALES PELIGROSOS (INCIDENTE) / FUGA GAS GLP Y OTROS GASES INFLAM / BALON DOMICILIARIO (10KG),CERRADO,M168-1
2026004754,07/02/2026 08:56:34 a.m.,"QUINTA CON CIRCUNVALACION     (0,0)  Nro.    - ATE",ACCIDENTE VEHICULAR / PARTICULAR / DESPISTE DE MOTO,CERRADO,AMB236-2
2026004753,07/02/2026 08:36:04 a.m.,"PANAMERICANA SUR KM 226(PANAMERICANA ANTIGUA)    (0,0)  Nro.    - PISCO",ACCIDENTE VEHICULAR / PARTICULAR / AUTOMOVIL,ATENDIENDO,AMB37-2
2026004752,07/02/2026 08:14:35 a.m.,"MUNICIPALIDAD Y COMISARIA JOSE GALVEZ     (0,0)  Nro.    - VILLA MARIA DEL TRIUNFO",SERVICIO ESPECIAL / EVENTOS PUBLICOS / OTROS,ATENDIENDO,M155-1
2026004751,07/02/2026 08:05:34 a.m.,"AV. 26 DE NOVIEMBRE    (-12.169,-76.928)  Nro.  1415  - VILLA MARIA DEL TRIUNFO",ACCIDENTE VEHICULAR / PARTICULAR / MOTO/MOTOTAXI,CERRADO,AMB120-2 / MED11-2
2026004750,07/02/2026 07:48:20 a.m.,"AV. GUILLERMO MARCONI    (-12.0911,-77.0489)  Nro.  231  - SAN ISIDRO",EMERGENCIA MEDICA / TIPO MEDICO / DIFICULTAD RESPIRATORIA,CERRADO,MED36-2
2026004749,07/02/2026 07:45:42 a.m.,"AV. MANUEL VILLARAN CRUCE CON AV. TOMAS MARSANO (ATOCONGO) SURQUILLO    (-12.1219,-77.0056)  Nro.    - SURQUILLO",ACCIDENTE VEHICULAR / PARTICULAR / AUTOMOVIL,ATENDIENDO,M11-1 / MED11-2 / M11-5
2026004748,07/02/2026 07:45:32 a.m.,"MAKABE    (0,0)  Nro.    - ICA",SERVICIO ESPECIAL / EVENTOS PUBLICOS / OTROS,ATENDIENDO,RES-171
2026004747,07/02/2026 07:37:38 a.m.,"JR. CORONEL JOAQUIN BERNAL    (-12.0874,-77.0371)  Nro.  447  - LINCE",INCENDIO / EQUIPOS ELECTRICOS CON ENERGIA / SUB-ESTACION DE ALTA TENSION,CERRADO,AMB8-2 / M202-1
2026004746,07/02/2026 07:12:27 a.m.,"PANAMERICANA SUR KM 108    (0,0)  Nro.    - ASIA",ACCIDENTE VEHICULAR / PARTICULAR / AUTOMOVIL,CERRADO,AMB-221
2026004745,07/02/2026 06:01:30 a.m.,"AV. BOLIVAR CON HUANUCO    (0,0)  Nro.    - ICA",ACCIDENTE VEHICULAR / PARTICULAR / AUTOMOVIL,ATENDIENDO,AMB-171
2026004744,07/02/2026 05:37:38 a.m.,"JR. SAN AURELIO    (-12.1938,-77.0115)  Nro.  200  - CHORRILLOS",EMERGENCIA MEDICA / TIPO MEDICO / PROBLEMAS EN DIABETICOS,CERRADO,AMB-13
2026004743,07/02/2026 05:31:04 a.m.,"PJ. APARICIO ROBLES (LA DEMAJAGUA)    (-12.065,-77.1026)  Nro.  137  - SAN MIGUEL",EMERGENCIA MEDICA / TIPO MEDICO / DERRAME CEREBRAL - ACV,CERRADO,MED36-2
2026004742,07/02/2026 04:59:14 a.m.,"CL. GIRARDOU (39) CRUCE CON CL. CAMILO BLAS (36) SURQUILLO    (-12.1133,-76.9975)  Nro.    - SURQUILLO",EMERGENCIA MEDICA / TIPO MEDICO / ENVENENAMIENTO - SOBREDOSIS,CERRADO,MED11-2
2026004741,07/02/2026 04:58:13 a.m.,"AV. DEL ROSARIO DEL NORTE (1) maz e lote 4     (-11.9858,-77.0852)  Nro.  000  - SAN MARTIN DE PORRES",EMERGENCIA MEDICA / TRAUMATICAS / ASALTO - AGRESION,CERRADO,AMB-168
2026004740,07/02/2026 04:38:31 a.m.,"CL. HEFESTO    (-12.0732,-76.9757)  Nro.  300  - ATE",INCENDIO / VEHICULO / AUTOMOVIL / VIA PUBLICA,CERRADO,M127-1 / M138-1
2026004739,07/02/2026 04:29:09 a.m.,"MA. COSTA SUR (GRAU)    (-12.1592,-77.0244)  Nro.  355  - CHORRILLOS",EMERGENCIA MEDICA / TRAUMATICAS / HERIDO POR CAIDA,CERRADO,AMB-13
2026004738,07/02/2026 04:05:29 a.m.,"CL. CARLOS AUGUSTO SALAVERRY (AUGUSTO SALAZAR BONDI)    (-12.0755,-77.1081)  Nro.  164  - SAN MIGUEL",EMERGENCIA MEDICA / TRAUMATICAS / HERIDO POR CAIDA,CERRADO,MED36-2
2026004737,07/02/2026 03:30:57 a.m.,"AV. PERU    (-12.0321,-77.0647)  Nro.  1700  - SAN MARTIN DE PORRES",EMERGENCIA MEDICA / TRAUMATICAS / HERIDO POR CAIDA,CERRADO,
2026004736,07/02/2026 03:12:56 a.m.,"PR. TACNA CRUCE CON AV. FRANCISCO PIZARRO RIMAC    (-12.0388,-77.0324)  Nro.    - RIMAC",EMERGENCIA MEDICA / TRAUMATICAS / HERIDO POR ATROPELLO,CERRADO,AMB-2
2026004735,07/02/2026 03:05:44 a.m.,"PR. TACNA    (-12.0331,-77.0284)  Nro.  658  - RIMAC",EMERGENCIA MEDICA / TIPO MEDICO / CONVULSIONES,CERRADO,
2026004734,07/02/2026 02:51:22 a.m.,"CL. JOSE VIZCARDO Y GUZMAN (7)    (-12.0639,-76.9472)  Nro.  156  - LA MOLINA",EMERGENCIA MEDICA / TRAUMATICAS / HERIDO POR CAIDA,CERRADO,
2026004733,07/02/2026 02:48:14 a.m.,"CL. JOSE VIZCARDO Y GUZMAN (7)    (-12.0639,-76.9472)  Nro.  156  - LA MOLINA",EMERGENCIA MEDICA / TRAUMATICAS / HERIDO POR CAIDA,CERRADO,AMB-138
2026004732,07/02/2026 02:25:13 a.m.,"AH. HUASCAR MZ 18  LT 6  GRUPO 9    (-11.962,-77.003)  Nro.    - SAN JUAN DE LURIGANCHO",MATERIALES PELIGROSOS (INCIDENTE) / FUGA GAS GLP Y OTROS GASES INFLAM / BALON DOMICILIARIO (10KG),CERRADO,M121-1
2026004731,07/02/2026 02:21:57 a.m.,"JR. HUAMANGA (MARBELLA)      (-12.0855,-77.0699)  Nro.  674  - MAGDALENA DEL MAR",EMERGENCIA MEDICA / EVENTOS CRITICOS TIEMPO-VIDA / INCONSCIENTE - DESMAYO,CERRADO,MED36-2 / RESLIG-36
2026004730,07/02/2026 02:21:02 a.m.,"AV. JOSE GALVEZ    (-11.9322,-76.7018)  Nro.  000  - LURIGANCHO",EMERGENCIA MEDICA / EVENTOS CRITICOS TIEMPO-VIDA / INCONSCIENTE - DESMAYO,CERRADO,AMB-32-2
2026004729,07/02/2026 02:09:38 a.m.,"CL. ANDRES REYES    (-12.094,-77.0263)  Nro.  500  - SAN ISIDRO",ACCIDENTE VEHICULAR / PARTICULAR / DESPISTE DE MOTO,CERRADO,MED11-2
2026004728,07/02/2026 01:14:15 a.m.,"CA. A CANTA CRUCE CON AV. NARANJAL LOS OLIVOS    (-11.9724,-77.0888)  Nro.    - LOS OLIVOS",ACCIDENTE VEHICULAR / PARTICULAR / DESPISTE DE MOTO,CERRADO,MED-161
2026004727,07/02/2026 01:08:55 a.m.,"CL. LOS AMARANTOS    (-11.987,-77.0731)  Nro.  900  - LOS OLIVOS",EMERGENCIA MEDICA / TRAUMATICAS / HERIDO POR CAIDA,CERRADO,AMB-168
2026004726,07/02/2026 12:47:02 a.m.,"BAJADA AGUA DULCE     (0,0)  Nro.    - CHORRILLOS",INCENDIO / FORESTAL / BOSQUES,CERRADO,M13-1
2026004725,07/02/2026 12:43:03 a.m.,"AV. SANTIAGO DE SURCO (TOMAS MARSANO)      (-12.1305,-76.9998)  Nro.  3100  - SANTIAGO DE SURCO",ACCIDENTE VEHICULAR / PARTICULAR / DESPISTE DE MOTO,CERRADO,AMB120-2
2026004724,07/02/2026 12:40:10 a.m.,"CL. 20    (-12.0827,-77.1028)  Nro.  162  - SAN MIGUEL",RESCATE / ASCENSOR / PERSONAS ENCERRADAS,CERRADO,RESLIG-7
2026004723,07/02/2026 12:39:12 a.m.,"AV. MARISCAL ANDRES AVELINO CACERES      (-12.1194,-77.0188)  Nro.  653  - SURQUILLO",EMERGENCIA MEDICA / TIPO MEDICO / PROBLEMAS CARDIACOS,CERRADO,MED-28
2026004722,07/02/2026 12:38:28 a.m.,"AV BALAGUER     (0,0)  Nro.  376  - CHACLACAYO",RESCATE / SUICIDA / ENCERRADO EN HABITACION,CERRADO,AMB-115-2 / RESLIG-115
2026004721,07/02/2026 12:33:44 a.m.,"AS. MANYLSA  MZ  R  LOTE   6     (-12.0327,-76.8899)  Nro.    - ATE",INCENDIO / VEHICULO / AUTOMOVIL / VIA PUBLICA,CERRADO,M138-1 / M138-4
2026004720,07/02/2026 12:29:43 a.m.,"AV. VILLEGAS CRUCE CON AV. REPUBLICA ARGENTINA CALLAO    (-12.0503,-77.1182)  Nro.    - CALLAO",ACCIDENTE VEHICULAR / PARTICULAR / DESPISTE DE MOTO,CERRADO,AMB-60
2026004719,07/02/2026 12:26:14 a.m.,"CARRETERAS - PANAMERICANAS PANAMERICANA NORTE 32.1    (-11.854,-77.0878)  Nro.    - PUENTE PIEDRA",EMERGENCIA MEDICA / TRAUMATICAS / HERIDO POR ARMA DE FUEGO,CERRADO,AMB-150
2026004718,07/02/2026 12:23:53 a.m.,"AV. ANGAMOS ESTE (PRIMAVERA)    (-12.1128,-77.0143)  Nro.  1600  - SURQUILLO",EMERGENCIA MEDICA / TRAUMATICAS / ASALTO - AGRESION,CERRADO,MED11-2
2026004670,06/02/2026 03:20:31 p.m.,"AV. LA PAZ    (-12.1295,-77.0266)  Nro.  1100  - MIRAFLORES",EMERGENCIA MEDICA / EVENTOS CRITICOS TIEMPO-VIDA / INCONSCIENTE - DESMAYO,ATENDIENDO,MED-28
2026004669,06/02/2026 03:12:15 p.m.,"JR. HUANCAVELICA    (-12.0418,-77.0435)  Nro.  1196  - LIMA",INCENDIO / ESTRUCTURAS / VIVIENDA / MATERIAL NOBLE,ATENDIENDO,M21-1 / M3-1 / AMB-14 / M14-1 / RES-2
2026004668,06/02/2026 03:06:15 p.m.,"AV. MANUEL DEL VALLE    (-12.2278,-76.8624)  Nro.  000  - PACHACAMAC",ACCIDENTE VEHICULAR / PARTICULAR / AUTOMOVIL,ATENDIENDO,AMB-125 / RES-160 / M129-1
2026004667,06/02/2026 02:59:21 p.m.,"AV. ALMIRANTE MIGUEL GRAU (JOSE MARIA EGUREN) CRUCE CON JR. CARLOS MARTINEZ DE PINILLOS (CARLOS ZEGARRA) BARRANCO    (-12.1446,-77.0219)  Nro.    - BARRANCO",ACCIDENTE VEHICULAR / PARTICULAR / DESPISTE DE MOTO,ATENDIENDO,AMB-13
2026004666,06/02/2026 02:49:19 p.m.,"AH. SAUL CANTORAL HUAMANI   MZ C  LT  14    (-11.94,-77.0013)  Nro.    - SAN JUAN DE LURIGANCHO",INCENDIO / TERRENO BALDIO,ATENDIENDO,M121-1
2026004665,06/02/2026 02:45:17 p.m.,"AV. REDUCTO    (-12.1341,-77.0234)  Nro.  1400  - MIRAFLORES",ACCIDENTE VEHICULAR / PARTICULAR / DESPISTE DE MOTO,ATENDIENDO,MED-28
2026004664,06/02/2026 02:27:18 p.m.,"URB LA PERLITA     (0,0)  Nro.    - VEGUETA",INCENDIO / ESTRUCTURAS / VIVIENDA / MATERIAL NOBLE,ATENDIENDO,M20-1
2026004663,06/02/2026 02:17:49 p.m.,"CL. LAS PLEYADES    (-12.171,-76.9993)  Nro.  126  - CHORRILLOS",EMERGENCIA MEDICA / EVENTOS CRITICOS TIEMPO-VIDA / INCONSCIENTE - DESMAYO,ATENDIENDO,AMB-13
2026004662,06/02/2026 02:07:00 p.m.,"AV. TOMAS MARSANO (ATOCONGO) CRUCE CON JR. DOMINGO MARTINEZ LUJAN (SAN FELIPE) SURQUILLO    (-12.1076,-77.016)  Nro.    - SURQUILLO",EMERGENCIA MEDICA / TRAUMATICAS / HERIDO POR ATROPELLO,CERRADO,
2026004661,06/02/2026 02:05:59 p.m.,"AV. TOMAS MARSANO (ATOCONGO)    (-12.107,-77.0165)  Nro.  399  - SURQUILLO",ACCIDENTE VEHICULAR / PARTICULAR / DESPISTE DE MOTO,ATENDIENDO,MED-28
2026004660,06/02/2026 02:00:46 p.m.,"ASOC. 16 DE ABRIL     (0,0)  Nro.    - AYACUCHO",EMERGENCIA MEDICA / TIPO MEDICO / CONVULSIONES,ATENDIENDO,AMB-222
2026004659,06/02/2026 01:45:56 p.m.,"CL. LAS RIMARIMAS (LOS TILOS) (52) (41) CRUCE CON CL. LAS ORTIGAS (2) (31) (49) (69) SAN JUAN DE LURIGANCHO    (-12.0079,-77.0163)  Nro.    - SAN JUAN DE LURIGANCHO",INCENDIO / ESTRUCTURAS / VIVIENDA / MATERIAL NOBLE,ATENDIENDO,M121-1 / M2-1
2026004658,06/02/2026 01:44:19 p.m.,"PTE ARICA    (0,0)  Nro.    - LURIN",ACCIDENTE VEHICULAR / PARTICULAR / AUTOMOVIL,ATENDIENDO,AMB120-2 / M125-1 / M129-1
2026004657,06/02/2026 01:36:32 p.m.,"CL. BELL AIR CRUCE CON MA. BELLO HORIZONTE LA MOLINA    (-12.0787,-76.9285)  Nro.    - LA MOLINA",ACCIDENTE VEHICULAR / PARTICULAR / AUTOMOVIL,ATENDIENDO,M96-1 / MED11-2 / M11-5
2026004656,06/02/2026 01:32:23 p.m.,"PAREDES RONCAL     (0,0)  Nro.  200  - ANCON",EMERGENCIA MEDICA / EVENTOS CRITICOS TIEMPO-VIDA / INCONSCIENTE - DESMAYO,ATENDIENDO,AMB-163
2026004656,06/02/2026 01:32:23 p.m.,"PAREDES RONCAL     (0,0)  Nro.  200  - ANCON",EMERGENCIA MEDICA / EVENTOS CRITICOS TIEMPO-VIDA / INCONSCIENTE - DESMAYO,CERRADO,AMB-163
2026004655,06/02/2026 01:18:24 p.m.,"AV. CONFRATERNIDAD CRUCE CON AV. VILLA MARINA (DEFENSORES DEL MORRO) (HUAYLAS) CHORRILLOS    (-12.1862,-77.0075)  Nro.    - CHORRILLOS",EMERGENCIA MEDICA / TRAUMATICAS / HERIDO POR ATROPELLO,CERRADO,AMB-13
2026004654,06/02/2026 01:08:24 p.m.,"JR. ZARAGOZA    (-12.0684,-77.0634)  Nro.  269  - PUEBLO LIBRE",EMERGENCIA MEDICA / TIPO MEDICO / PROBLEMAS CARDIACOS,ATENDIENDO,AMB-100
2026004653,06/02/2026 01:03:15 p.m.,"AV. MARISCAL ANDRES AVELINO CACERES    (-12.1197,-77.0237)  Nro.  111  - SURQUILLO",RESCATE / ASCENSOR / PERSONAS ENCERRADAS,ATENDIENDO,AUX-28
2026004652,06/02/2026 01:02:57 p.m.,"AV. LA MOLINA    (-12.0765,-76.9545)  Nro.  1168  - LA MOLINA",INCENDIO / EQUIPOS ELECTRICOS CON ENERGIA / SUB-ESTACION DE ALTA TENSION,ATENDIENDO,M96-1
2026004651,06/02/2026 12:52:17 p.m.,"AV. CIENEGUILLA ALT VETERINARIA MUNICIPAL    (0,0)  Nro.    - CIENEGUILLA",ACCIDENTE VEHICULAR / PARTICULAR / AUTOMOVIL,ATENDIENDO,RESLIG-244
2026004650,06/02/2026 12:46:38 p.m.,"AV. NICOLAS ARRIOLA    (-12.0826,-77.0135)  Nro.  740  - LA VICTORIA",ACCIDENTE VEHICULAR / PARTICULAR / AUTOMOVIL,ATENDIENDO,M11-1 / MED11-2 / RES-4
2026004649,06/02/2026 12:36:43 p.m.,"AV. JUAN PABLO FERNANDINI (PERU)    (-12.0669,-77.0488)  Nro.  825  - BREÑA",INCENDIO / ESTRUCTURAS / VIVIENDA / MATERIAL NOBLE,ATENDIENDO,AMB-14 / RESLIG-36 / M14-1 / M36-1
2026004648,06/02/2026 12:33:16 p.m.,"AV. JOSE MARIA SEGUIN    (-12.1566,-76.9703)  Nro.  800  - SAN JUAN DE MIRAFLORES",ACCIDENTE VEHICULAR / PARTICULAR / DESPISTE DE MOTO,ATENDIENDO,AMB120-2
2026004647,06/02/2026 12:33:06 p.m.,"A.H. BUENA VISTA    (0,0)  Nro.    - NAZCA",INCENDIO / ESTRUCTURAS / VIVIENDA / MATERIAL NOBLE,ATENDIENDO,CIST82-3
2026004646,06/02/2026 12:29:37 p.m.,"AV. BUENA VISTA  N 500    (-12.1001,-76.9805)  Nro.  500  - SAN BORJA",RESCATE / ASCENSOR / PERSONAS ENCERRADAS,CERRADO,RESLIG-127
2026004645,06/02/2026 12:05:12 p.m.,"CAMINO A LA LAGUNA LA ENCANTADA    (0,0)  Nro.    - HUACHO",INCENDIO / FORESTAL / BOSQUES,ATENDIENDO,CIST-20 / AUX-20
2026004644,06/02/2026 11:43:38 a.m.,"OVALO DE PUENTE NUEVO    (0,0)  Nro.    - AYACUCHO",EMERGENCIA MEDICA / TRAUMATICAS / HERIDO POR CAIDA,ATENDIENDO,AMB-222
2026004643,06/02/2026 11:28:03 a.m.,"AV. LIMA (ATOCONGO)    (-12.226,-76.9085)  Nro.  2289",INCENDIO / EQUIPOS ELECTRICOS CON ENERGIA / SUB-ESTACION DE ALTA TENSION,ATENDIENDO,M129-1
2026004642,06/02/2026 11:25:10 a.m.,"AV. ABANCAY    (-12.0469,-77.0261)  Nro.  291  - LIMA",EMERGENCIA MEDICA / TIPO MEDICO / PACIENTE ENFERMO,CERRADO,AMB-2
2026004641,06/02/2026 11:19:34 a.m.,"JR. SANTA TEODOSIA CRUCE CON AV. UNIVERSITARIA LIMA    (-12.0642,-77.0781)  Nro.    - LIMA",EMERGENCIA MEDICA / TRAUMATICAS / HERIDO POR ATROPELLO,ATENDIENDO,MED36-2
2026004640,06/02/2026 11:12:40 a.m.,"MA. COSTA SUR (GRAU)    (-12.1582,-77.0242)  Nro.  500  - CHORRILLOS",ACCIDENTE VEHICULAR / PARTICULAR / DESPISTE DE MOTO,CERRADO,AMB-13
2026004639,06/02/2026 11:12:19 a.m.,"AV. ALVAREZ CALDERON    (-12.1042,-77.0456)  Nro.  761  - SAN ISIDRO",EMERGENCIA MEDICA / TRAUMATICAS / HERIDO POR CAIDA,ATENDIENDO,AMB-100
2026004638,06/02/2026 11:11:43 a.m.,"PANAMERICANA SUR KM    (0,0)  Nro.  449  - NAZCA",EMERGENCIA MEDICA / TRAUMATICAS / HERIDO POR CAIDA,ATENDIENDO,MED-200
2026004637,06/02/2026 11:11:02 a.m.,"JR. PARINACOCHAS CRUCE CON AV. JAIME BAUSATE Y MEZA (BOLIVAR) LA VICTORIA    (-12.063,-77.0178)  Nro.    - LA VICTORIA",INCENDIO / OTROS / CHIMENEA,CERRADO,M3-1
2026004636,06/02/2026 11:02:46 a.m.,"AV. LOS BOSQUES   JOSE GALVEZ     (-12.2077,-76.9042)  Nro.  500  - VILLA MARIA DEL TRIUNFO",INCENDIO / ESTRUCTURAS / VIVIENDA / MATERIAL NOBLE,ATENDIENDO,M155-1 / AMB120-2 / M105-1
2026004635,06/02/2026 11:01:09 a.m.,"AV. LA MAR (MANUEL CIPRIANO DULANTO) CRUCE CON CL. CORONEL JUAN VALER SANDOVAL (CUEVA) PUEBLO LIBRE    (-12.0763,-77.0741)  Nro.    - PUEBLO LIBRE",EMERGENCIA MEDICA / TRAUMATICAS / HERIDO POR ATROPELLO,CERRADO,MED36-2
2026004634,06/02/2026 10:47:01 a.m.,"JR. ARICA (PEDRO DRINOT)  DTO  103      (-12.0963,-77.0693)  Nro.  206  - MAGDALENA DEL MAR",EMERGENCIA MEDICA / EVENTOS CRITICOS TIEMPO-VIDA / INCONSCIENTE - DESMAYO,CERRADO,AMB-100
2026004633,06/02/2026 10:42:50 a.m.,"AV. BOLIVAR    (-12.0725,-77.057)  Nro.  400  - PUEBLO LIBRE",EMERGENCIA MEDICA / TRAUMATICAS / HERIDO POR ATROPELLO,CERRADO,MED36-2
2026004632,06/02/2026 10:38:34 a.m.,"AV. JOSE LARCO    (-12.124,-77.0292)  Nro.  652  - MIRAFLORES",EMERGENCIA MEDICA / TIPO MEDICO / PROBLEMAS CARDIACOS,CERRADO,MED-28
2026004631,06/02/2026 10:33:57 a.m.,"SUBIDA  DE MARCAVILCA      (0,0)  Nro.    - CHORRILLOS",EMERGENCIA MEDICA / TRAUMATICAS / HERIDO POR CAIDA,CERRADO,AMB-13
2026004630,06/02/2026 10:33:23 a.m.,"JR. UCAYALI CRUCE CON JR. ANDAHUAYLAS LIMA    (-12.051,-77.0257)  Nro.    - LIMA",EMERGENCIA MEDICA / TRAUMATICAS / HERIDO POR CAIDA,ATENDIENDO,AMB8-2
2026004629,06/02/2026 10:27:30 a.m.,"CL. BARCELONA    (-12.092,-77.0505)  Nro.  400  - SAN ISIDRO",EMERGENCIA MEDICA / TRAUMATICAS / HERIDO POR CAIDA,CERRADO,AMB-100
2026004628,06/02/2026 10:25:41 a.m.,"PANAMERICANA SUR KM    (0,0)  Nro.  458  - NAZCA",ACCIDENTE VEHICULAR / PARTICULAR / AUTOMOVIL,ATENDIENDO,MED-200
2026004627,06/02/2026 10:25:31 a.m.,"JR. ZEPITA    (-12.0503,-77.0393)  Nro.  423  - LIMA",EMERGENCIA MEDICA / TRAUMATICAS / HERIDO POR CAIDA,CERRADO,AMB-14
2026004626,06/02/2026 10:16:15 a.m.,"3 RA CUADRA AV VENEZUELA     (0,0)  Nro.    - SAN JUAN BAUTISTA",EMERGENCIA MEDICA / TIPO MEDICO / DIFICULTAD RESPIRATORIA,ATENDIENDO,AMB-222
2026004625,06/02/2026 10:07:19 a.m.,"AV. REPUBLICA ARGENTINA    (-12.0481,-77.0933)  Nro.  5140  - CALLAO",MATERIALES PELIGROSOS (INCIDENTE) / FUGA GAS GLP Y OTROS GASES INFLAM / BALON DOMICILIARIO (10KG),ATENDIENDO,M60-1
2026004624,06/02/2026 10:02:49 a.m.,"AV. TUCANES CRUCE RAMIRO PRIALE     (0,0)  Nro.    - LURIGANCHO",EMERGENCIA MEDICA / TRAUMATICAS / HERIDO POR ATROPELLO,CERRADO,AMB236-2
2026004623,06/02/2026 09:56:58 a.m.,"AV. CANADA    (-12.0843,-77.0046)  Nro.  1600  - SAN BORJA",EMERGENCIA MEDICA / TRAUMATICAS / HERIDO POR ATROPELLO,CERRADO,MED11-2
2026004622,06/02/2026 09:39:31 a.m.,"CL. JOSE BERNARDO ALCEDO (EDUARDO DOGNY)    (-12.1172,-77.0425)  Nro.  321  - MIRAFLORES",RESCATE / ASCENSOR / PERSONAS ENCERRADAS,CERRADO,RES-100
2026004621,06/02/2026 09:15:45 a.m.,"AV. SIMON BOLIVAR CRUCE CON AV. CENTRAL VILLA EL SALVADOR    (-12.2145,-76.9328)  Nro.    - VILLA EL SALVADOR",ACCIDENTE VEHICULAR / PARTICULAR / AUTOMOVIL,ATENDIENDO,M155-1 / AMB120-2 / M105-1
2026004620,06/02/2026 08:45:27 a.m.,"NESTOR GAMBETA KM 14    (-11.9249,-77.1303)  Nro.  000  - VENTANILLA",ACCIDENTE VEHICULAR / PARTICULAR / DESPISTE DE MOTO,CERRADO,AMB5-2
2026004619,06/02/2026 08:41:54 a.m.,"JR SAN MARTIN CON LIBERTAD    (0,0)  Nro.    - AYACUCHO",INCENDIO / ESTRUCTURAS / EDIFICIO (PISO) / ENTRE 1 AL 6,ATENDIENDO,M63-1
2026004618,06/02/2026 08:36:06 a.m.,"CL. LOS HALCONES    (-12.1044,-77.021)  Nro.  133  - SURQUILLO",EMERGENCIA MEDICA / EVENTOS CRITICOS TIEMPO-VIDA / INCONSCIENTE - DESMAYO,CERRADO,MED11-2
2026004617,06/02/2026 08:35:28 a.m.,"JR. MANOA    (-12.0506,-77.0533)  Nro.  244  - BREÑA",EMERGENCIA MEDICA / TRAUMATICAS / HERIDO POR CAIDA,CERRADO,AMB-14
2026004616,06/02/2026 08:20:33 a.m.,"AV. SAENZ PEÃ‘A    (-12.0612,-77.1451)  Nro.  205  - CALLAO",EMERGENCIA MEDICA / EVENTOS CRITICOS TIEMPO-VIDA / INCONSCIENTE - DESMAYO,CERRADO,AMB5-2
2026004615,06/02/2026 08:08:18 a.m.,"JR. INDEPENDENCIA    (-12.06,-77.0505)  Nro.  668  - BREÑA",EMERGENCIA MEDICA / EVENTOS CRITICOS TIEMPO-VIDA / INCONSCIENTE - DESMAYO,ATENDIENDO,AMB-14
2026004614,06/02/2026 08:03:19 a.m.,"PASAJE RIVAS     (0,0)  Nro.  145  - CHINCHA ALTA",INCENDIO / ESTRUCTURAS / VIVIENDA / MATERIAL NOBLE,ATENDIENDO,CIS38-4
2026004613,06/02/2026 07:58:44 a.m.,"AV  PRIALE  CRUCE   TUCANES      (0,0)  Nro.    - ATE",ACCIDENTE VEHICULAR / PARTICULAR / DESPISTE DE MOTO,CERRADO,AMB236-2
2026004612,06/02/2026 07:51:37 a.m.,"AV. FAUSTINO SANCHEZ CARRION (PERSHING)    (-12.0889,-77.0598)  Nro.  400  - MAGDALENA DEL MAR",EMERGENCIA MEDICA / TRAUMATICAS / HERIDO POR ATROPELLO,CERRADO,MED36-2
2026004611,06/02/2026 07:27:05 a.m.,"AV. PLACIDO JIMENEZ CRUCE CON AV. FERROCARRIL EL AGUSTINO    (-12.0381,-77.0057)  Nro.    - EL AGUSTINO",INCENDIO / TERRENO BALDIO,CERRADO,M2-5
2026004610,06/02/2026 07:21:12 a.m.,"ESTADIO SOLIS GARCIA     (0,0)  Nro.    - LURIGANCHO",EMERGENCIA MEDICA / TRAUMATICAS / HERIDO POR CAIDA,CERRADO,AMB-32-2
2026004609,06/02/2026 06:58:05 a.m.,"AV. ANGAMOS OESTE    (0,0)  Nro.  1675  - MIRAFLORES",EMERGENCIA MEDICA / TRAUMATICAS / HERIDO POR CAIDA,CERRADO,MED-28
2026004608,06/02/2026 06:23:50 a.m.,"BA. QUEBRADA ARMENDARIZ    (-12.1355,-77.0234)  Nro.    - BARRANCO",ACCIDENTE VEHICULAR / PARTICULAR / DESPISTE DE MOTO,CERRADO,MED-28
2026004607,06/02/2026 04:13:23 a.m.,"CL. TRUJILLO NORTE     (0,0)  Nro.  500CHO  - LURIGANCHO",EMERGENCIA MEDICA / TIPO MEDICO / PACIENTE ENFERMO,CERRADO,AMB-32-2
2026004606,06/02/2026 03:41:44 a.m.,"PANAMERIANA SUR KM 189    (0,0)  Nro.    - GROCIO PRADO",ACCIDENTE VEHICULAR / PARTICULAR / AUTOMOVIL,CERRADO,MED38-2
2026004605,06/02/2026 03:40:55 a.m.,"JR. CORONEL FRANCISCO BOLOGNESI (ENRIQUE LLOSA)    (-12.0926,-77.0702)  Nro.  200  - MAGDALENA DEL MAR",ACCIDENTE VEHICULAR / PARTICULAR / DESPISTE DE MOTO,CERRADO,MED36-2
2026004604,06/02/2026 02:47:04 a.m.,"CALLE GRANADILLA URB CACTUS    (-12.0663,-76.9646)  Nro.  120  - LA MOLINA",EMERGENCIA MEDICA / TRAUMATICAS / HERIDO POR CAIDA,CERRADO,AMB138-2
2026004603,06/02/2026 02:19:40 a.m.,"CAMINITO REAL MZ D LT. 9    (0,0)  Nro.    - CARABAYLLO",EMERGENCIA MEDICA / TIPO MEDICO / CONVULSIONES,CERRADO,AMB-150
2026004602,06/02/2026 01:13:31 a.m.,"AV. SAENZ PEÃ‘A    (-12.0591,-77.1292)  Nro.  1439  - CALLAO",EMERGENCIA MEDICA / TRAUMATICAS / HERIDO POR CAIDA,CERRADO,AMB5-2
2026004601,06/02/2026 12:30:32 a.m.,"CL. TEGUCIGALPA (43)    (-12.0675,-76.9361)  Nro.  282  - LA MOLINA",MATERIALES PELIGROSOS (INCIDENTE) / FUGA GAS GLP Y OTROS GASES INFLAM / BALON DOMICILIARIO (10KG),CERRADO,M96-1
2026004600,06/02/2026 12:12:52 a.m.,"JR. CLEMENTE PALMA (MANCO CAPAC)    (-12.1296,-77.0253)  Nro.  811  - MIRAFLORES",INCENDIO / EQUIPOS ELECTRICOS CON ENERGIA / POSTES,CERRADO,M28-1
2026004599,05/02/2026 11:36:35 p.m.,"JR TRUJILLO SUR CON PARADERO BOTICA    (0,0)  Nro.    - LURIGANCHO",RESCATE / ANIMALES / RESCATE ANIMAL,CERRADO,M32-1
2026004598,05/02/2026 11:30:06 p.m.,"AV. TUPAC AMARU  URB HUAQUILLAY    (-11.961,-77.0543)  Nro.  667  - COMAS",EMERGENCIA MEDICA / EVENTOS CRITICOS TIEMPO-VIDA / INCONSCIENTE - DESMAYO,CERRADO,AMB-168
2026004597,05/02/2026 11:27:20 p.m.,"PJ. VIENA (LA DATILERA) (13)    (-12.1192,-77.0002)  Nro.  320  - SURQUILLO",EMERGENCIA MEDICA / TIPO MEDICO / DIFICULTAD RESPIRATORIA,CERRADO,MED11-2
2026004596,05/02/2026 11:12:54 p.m.,"JR. LAMPA    (-12.0488,-77.0304)  Nro.  500  - LIMA",ACCIDENTE VEHICULAR / PARTICULAR / DESPISTE DE MOTO,CERRADO,AMB-2
2026004595,05/02/2026 11:07:55 p.m.,"AV. BRASIL    (-12.0831,-77.0602)  Nro.  2475  - JESUS MARIA",EMERGENCIA MEDICA / TIPO MEDICO / ENVENENAMIENTO - SOBREDOSIS,CERRADO,MED36-2
2026004594,05/02/2026 10:58:40 p.m.,"BA. DE LOS BAÃ‘OS    (-12.1495,-77.0228)  Nro.  300  - BARRANCO",EMERGENCIA MEDICA / TIPO MEDICO / CONVULSIONES,CERRADO,AMB-XXIV
2026004593,05/02/2026 10:34:32 p.m.,"AV. MANUEL OLGUIN CRUCE CON AV. JAVIER PRADO ESTE SANTIAGO DE SURCO    (-12.0841,-76.9733)  Nro.    - SANTIAGO DE SURCO",RESCATE / ASCENSOR / PERSONAS ENCERRADAS,CERRADO,M11-5
2026004592,05/02/2026 10:31:37 p.m.,"SECTOR 1 GRUPO 9 MZ A LT 8    (0,0)  Nro.    - VILLA EL SALVADOR",EMERGENCIA MEDICA / EVENTOS CRITICOS TIEMPO-VIDA / INCONSCIENTE - DESMAYO,CERRADO,AMB120-2
2026004591,05/02/2026 10:28:47 p.m.,"CLL 16  URB SAN ANTONIO DE CARAPONGO     (0,0)  Nro.    - ATE",INCENDIO / ESTRUCTURAS / VIVIENDA / MATERIAL NOBLE,CERRADO,M115-1 / AMB236-2 / RESLIG-236
2026004590,05/02/2026 10:21:09 p.m.,"AV   200  MILASS ALT INGRESO DE  MODULO AZULES    (0,0)  Nro.    - VENTANILLA",ACCIDENTE VEHICULAR / PARTICULAR / AUTOMOVIL,CERRADO,AMB-V / RES-207
2026004589,05/02/2026 10:11:55 p.m.,"AV. CENTRAL CRUCE CON AV. LOS ANGELES VILLA EL SALVADOR    (-12.1966,-76.9435)  Nro.    - VILLA EL SALVADOR",EMERGENCIA MEDICA / TRAUMATICAS / HERIDO POR ATROPELLO,CERRADO,AMB120-2
2026004588,05/02/2026 10:10:37 p.m.,"AV. ESPAÃ‘A CRUCE CON JR. WASHINGTON LIMA    (-12.0581,-77.0392)  Nro.    - LIMA",INCENDIO / VEHICULO / AUTOMOVIL / VIA PUBLICA,ATENDIENDO,M10-1 / M14-1
2026004587,05/02/2026 10:07:42 p.m.,"CL. MOROCOCHA    (-12.1069,-77.0191)  Nro.  220  - SURQUILLO",EMERGENCIA MEDICA / EVENTOS CRITICOS TIEMPO-VIDA / INCONSCIENTE - DESMAYO,CERRADO,MED11-2
2026004586,05/02/2026 09:39:29 p.m.,"LOCAL DEPORTIVO PEDEMONTE     (0,0)  Nro.    - PISCO",EMERGENCIA MEDICA / TIPO MEDICO / DIFICULTAD RESPIRATORIA,ATENDIENDO,AMB37-2
2026004585,05/02/2026 09:25:20 p.m.,"AV. 2 DE MAYO    (-12.0924,-77.0458)  Nro.  1470  - SAN ISIDRO",RESCATE / PERSONAS ATRAPADAS / DENTRO DE UNA ESTRUCTURA,CERRADO,RESLIG-202
2026004584,05/02/2026 09:16:51 p.m.,"JR. AUGUSTO WIESE (CARABAYA)    (-12.0523,-77.0343)  Nro.  933  - LIMA",EMERGENCIA MEDICA / TIPO MEDICO / DOLOR ABDOMINAL,CERRADO,AMB-3
2026004583,05/02/2026 09:13:19 p.m.,"TAMBO VIEJO     (0,0)  Nro.    - CIENEGUILLA",RESCATE / ANIMALES / RESCATE ANIMAL,CERRADO,RESLIG-244
2026004582,05/02/2026 09:03:49 p.m.,"JR. PROVEEDORES UNIDOS    (-12.0655,-77.0577)  Nro.  300  - BREÑA",ACCIDENTE VEHICULAR / PARTICULAR / AUTOMOVIL,CERRADO,AMB-14 / RESLIG-36 / M36-1
2026004581,05/02/2026 08:51:47 p.m.,"PAN SUR  KM  100    (0,0)  Nro.    - ASIA",ACCIDENTE VEHICULAR / PARTICULAR / AUTOMOVIL,CERRADO,RES-221
2026004580,05/02/2026 08:44:16 p.m.,"RIO PIURA CRUE RIO SANTIAGO    (0,0)  Nro.    - SAN JUAN DE LURIGANCHO",RESCATE / ANIMALES / RESCATE ANIMAL,CERRADO,M121-1
2026004579,05/02/2026 08:40:42 p.m.,"AV. ENRIQUE MEIGGS (22 DE DICIEMBRE) CRUCE CON CL. REPUBLICA DEL ECUADOR LIMA    (-12.0397,-77.0566)  Nro.    - LIMA",EMERGENCIA MEDICA / TRAUMATICAS / HERIDO POR ATROPELLO,CERRADO,AMB-3
2026004578,05/02/2026 08:40:16 p.m.,"KM 78 PANMERICANA NORTE     (0,0)  Nro.    - CHANCAY",MATERIALES PELIGROSOS (INCIDENTE) / FUGA GAS GLP Y OTROS GASES INFLAM / BALON DOMICILIARIO (10KG),CERRADO,M80-1
2026004577,05/02/2026 08:19:20 p.m.,"AV. PASEO DE LA REPUBLICA  ESQ ANGAMOS     (-12.1159,-77.0264)  Nro.    - MIRAFLORES",ACCIDENTE VEHICULAR / PARTICULAR / DESPISTE DE MOTO,CERRADO,MED-28
2026004576,05/02/2026 07:59:27 p.m.,"AV. LAS AMERICAS     (0,0)  Nro.  700  - PISCO",EMERGENCIA MEDICA / TRAUMATICAS / HERIDO POR ATROPELLO,CERRADO,AMB37-2
2026004575,05/02/2026 07:43:15 p.m.,"VILLA DE LA  FAP     (0,0)  Nro.    - JESUS MARIA",EMERGENCIA MEDICA / TRASLADOS,CERRADO,MED11-2
2026004574,05/02/2026 07:29:19 p.m.,"CARRETERA CENTRAL KM 41     (0,0)  Nro.    - LURIGANCHO",ACCIDENTE VEHICULAR / PARTICULAR / AUTOMOVIL,CERRADO,M32-1 / AMB-32-2
2026004573,05/02/2026 07:28:25 p.m.,"AV. LAS AMERICAS CRUCE ABRAHAM VALDELOMAR     (0,0)  Nro.    - PISCO",INCENDIO / VEHICULO / AUTOMOVIL / VIA PUBLICA,CERRADO,RES-37
2026004572,05/02/2026 07:26:17 p.m.,"CL. LOS NOGALES CRUCE CON AV. JORGE BASADRE (ORRANTIA) SAN ISIDRO    (-12.0958,-77.0448)  Nro.    - SAN ISIDRO",EMERGENCIA MEDICA / TRAUMATICAS / HERIDO POR ATROPELLO,CERRADO,AMB-202
2026004571,05/02/2026 07:22:40 p.m.,"CL. AREQUIPA CRUCE LIMA     (0,0)  Nro.    - ICA",EMERGENCIA MEDICA / TRAUMATICAS / HERIDO POR ATROPELLO,ATENDIENDO,AMB-22
2026004570,05/02/2026 07:08:13 p.m.,"CL. NICOLAS DE PIEROLA    (-12.0611,-77.1283)  Nro.  389  - BELLAVISTA",RESCATE / ANIMALES / RESCATE ANIMAL,CERRADO,M18-1
2026004569,05/02/2026 06:38:45 p.m.,"CL. LOPEZ DE AYALA    (-12.0951,-76.9926)  Nro.  1631  - SAN BORJA",RESCATE / ASCENSOR / PERSONAS ENCERRADAS,CERRADO,M11-5
2026004568,05/02/2026 06:24:31 p.m.,"JR. SINCHI ROCA      (-12.0856,-77.0448)  Nro.  2331  - LINCE",EMERGENCIA MEDICA / TRAUMATICAS / HERIDO POR CAIDA,CERRADO,AMB8-2
2026004567,05/02/2026 06:12:42 p.m.,"AV. RICARDO PALMA    (-12.1225,-77.0208)  Nro.  800  - MIRAFLORES",ACCIDENTE VEHICULAR / PARTICULAR / DESPISTE DE MOTO,CERRADO,MED-28
2026004566,05/02/2026 06:10:27 p.m.,"AV. CENTRAL CRUCE CON AV. 1 DE MAYO VILLA EL SALVADOR    (-12.1915,-76.9466)  Nro.    - VILLA EL SALVADOR",INCENDIO / ESTRUCTURAS / VIVIENDA / MATERIAL NOBLE,CERRADO,M106-1 / M155-1
2026004565,05/02/2026 06:04:50 p.m.,"CL. MARIANO CAMPOS CRUCE CON CL. CESAR RODRIGUEZ SAN JUAN DE MIRAFLORES    (-12.1471,-76.9769)  Nro.    - SAN JUAN DE MIRAFLORES",INCENDIO / ESTRUCTURAS / VIVIENDA / MATERIAL NOBLE,CERRADO,M120-1 / M134-1 / MED11-2 / M11-5
2026004564,05/02/2026 06:02:05 p.m.,"COSTA VERDE PLAYA LA CHIRA     (0,0)  Nro.    - VILLA EL SALVADOR",EMERGENCIA MEDICA / EVENTOS CRITICOS TIEMPO-VIDA / AHOGAMIENTO,CERRADO,AMB-13
2026004563,05/02/2026 05:56:23 p.m.,"AV SINCHI ROCA     (0,0)  Nro.    - TUPAC AMARU INCA",EMERGENCIA MEDICA / TRAUMATICAS / HERIDO POR CAIDA,CERRADO,AMB-90
2026004562,05/02/2026 05:45:29 p.m.,"AV. ALFONSO UGARTE      (-12.0592,-77.0418)  Nro.  1454  - BREÑA",EMERGENCIA MEDICA / TRAUMATICAS / HERIDO POR CAIDA,CERRADO,AMB-202
2026004561,05/02/2026 05:32:17 p.m.,"COLEGIO DE CONTADORES     (0,0)  Nro.    - ICA",EMERGENCIA MEDICA / TRAUMATICAS / HERIDO POR CAIDA,CERRADO,AMB-22
2026004560,05/02/2026 05:27:40 p.m.,"AV. RICARDO PALMA CRUCE CON CL. ELEODORO ROMERO Y SALCEDO (ALFONSO UGARTE) MIRAFLORES    (-12.1191,-77.0267)  Nro.    - MIRAFLORES",ACCIDENTE VEHICULAR / PARTICULAR / DESPISTE DE MOTO,CERRADO,MED-28
2026004559,05/02/2026 05:02:29 p.m.,"CP AMAY    (0,0)  Nro.    - HUACHO",INCENDIO / ESTRUCTURAS / VIVIENDA / MATERIAL NOBLE,ATENDIENDO,M20-1
2026004558,05/02/2026 05:00:39 p.m.,"AV. CAMPOY (PRINCIPAL)    (-12.0244,-76.9742)  Nro.  000  - SAN JUAN DE LURIGANCHO",INCENDIO / VEHICULO / AUTOMOVIL / VIA PUBLICA,CERRADO,M138-1 / M21-1
2026004557,05/02/2026 04:56:04 p.m.,"AV. ALFONSO UGARTE    (-12.0457,-77.043)  Nro.  400  - LIMA",EMERGENCIA MEDICA / TRAUMATICAS / HERIDO POR ATROPELLO,CERRADO,M65-1 / AMB-168
2026004556,05/02/2026 04:54:06 p.m.,"CARRETERAS - PANAMERICANAS PANAMERICANA SUR 7.46    (-12.1226,-76.977)  Nro.    - SANTIAGO DE SURCO",INCENDIO / VEHICULO / AUTOMOVIL / VIA PUBLICA,CERRADO,M11-1 / M11-5
2026004555,05/02/2026 04:40:23 p.m.,"JR. ALBERTO REYES    (-12.0548,-77.0674)  Nro.  1721  - LIMA",EMERGENCIA MEDICA / TIPO MEDICO / DIFICULTAD RESPIRATORIA,CERRADO,MED36-2 / M14-1
2026004554,05/02/2026 04:25:40 p.m.,"B 9     (0,0)  Nro.    - CALLAO",EMERGENCIA MEDICA / TRAUMATICAS / HERIDO POR CAIDA,CERRADO,AMB-9
2026004553,05/02/2026 04:23:11 p.m.,"AV. GENERAL FRANCISCO BOLOGNESI (PANAMA)    (-12.1465,-77.0196)  Nro.  400  - BARRANCO",ACCIDENTE VEHICULAR / PARTICULAR / AUTOMOVIL,CERRADO,M16-1 / AMB-13 / M6-1
2026004552,05/02/2026 04:17:17 p.m.,"AV. PASEO DE LA REPUBLICA    (-12.1006,-77.0264)  Nro.  3617  - SAN ISIDRO",ACCIDENTE VEHICULAR / PARTICULAR / DESPISTE DE MOTO,CERRADO,MED-28
2026004551,05/02/2026 04:15:35 p.m.,"AV. DE LAS ARTES NORTE    (-12.0906,-76.9874)  Nro.  1500  - SAN BORJA",ACCIDENTE VEHICULAR / PARTICULAR / DESPISTE DE MOTO,CERRADO,AMB8-2
2026004550,05/02/2026 04:08:55 p.m.,"AV. CANADA    (-12.0849,-77.0091)  Nro.  1400  - SAN BORJA",EMERGENCIA MEDICA / TRAUMATICAS / HERIDO POR ATROPELLO,CERRADO,MED11-2
2026004549,05/02/2026 04:03:14 p.m.,"SECTOR AMAPROVI    (0,0)  Nro.    - NAZCA",INCENDIO / ESTRUCTURAS / VIVIENDA / MATERIAL NOBLE,ATENDIENDO,CIST82-3
2026004548,05/02/2026 03:48:21 p.m.,"AV. FERNANDO WIESE (PROCERES DE LA INDEPENDENCIA)      (-11.9751,-77.001)  Nro.  3300  - SAN JUAN DE LURIGANCHO",INCENDIO / OTROS / CHIMENEA,CERRADO,M121-1
2026004547,05/02/2026 03:44:25 p.m.,"MDO. SANTA CRUZ DE FLORES    (0,0)  Nro.    - MALA",INCENDIO / ESTRUCTURAS / VIVIENDA / MATERIAL NOBLE,CERRADO,M111-1
2026004546,05/02/2026 03:41:55 p.m.,"PASEO LA CASTELLANA    (-12.1423,-77.0095)  Nro.  1260  - SANTIAGO DE SURCO",INCENDIO / ESTRUCTURAS / VIVIENDA / MATERIAL NOBLE,CERRADO,M16-1 / AMB-13 / M13-1
2026004545,05/02/2026 03:35:35 p.m.,"CL. INDEPENDENCIA (SEBASTIAN SALINAS COSSIO)      (-12.1094,-77.0325)  Nro.  1007  - MIRAFLORES",EMERGENCIA MEDICA / TRAUMATICAS / HERIDO POR CAIDA,CERRADO,MED-28
2026004544,05/02/2026 03:34:34 p.m.,"COSTA VERDE ALT MUSEO DE LA MEMORIA    (-12.1099,-77.0547)  Nro.    - SAN ISIDRO",ACCIDENTE VEHICULAR / PARTICULAR / DESPISTE DE MOTO,CERRADO,AMB-100
2026004543,05/02/2026 03:12:21 p.m.,"PJ. MARIBEL    (-12.1631,-77.0241)  Nro.  125  - CHORRILLOS",RESCATE / ASCENSOR / PERSONAS ENCERRADAS,CERRADO,M13-1
